Protein_DTO_ID,Gene Symbol,UniProt_ID,Canonical_Smiles,pKd_Median
DTO_03100009,ACVR1B,P36896,NS(=O)(=O)c1cccc(c1)c2cc3ccncc3cc2OCc4ccccc4,5
DTO_03100020,AKT2,P31751,COc1ccc2ncnc(Nc3ccc(OCc4ccccc4)cc3)c2c1,5
DTO_03100020,AKT2,P31751,Brc1ccc(\C=C\CNCCNS(=O)(=O)c2cccc3cnccc23)cc1,5
DTO_03100027,ANKK1,Q8NFD2,CC(C)OC(=O)N1CCN(CC1)c2ccn3ncc(c4ccc(nc4)C(F)(F)F)c3n2,5
DTO_03100037,AURKC,Q9UQB9,Clc1cccc(Nc2nccc(NCCCN3CCOCC3)n2)c1,5
DTO_03100042,BMP2K,Q9NSY1,CCNc1ccc(cn1)c2nn(c3ccccc3C)c4c2C(C)Cc5nc(NC(=O)OC)sc45,5
DTO_03100044,BMPR1A,P36894,NS(=O)(=O)c1cccc(c1)c2cc3ccncc3cc2OCc4ccccc4,5
DTO_03100049,BRSK2,Q8IWQ3,COc1cc2ncnc(N[C@H](C)c3ccccc3)c2cc1OC4CCN(CC4)S(=O)(=O)C,5
DTO_03100049,BRSK2,Q8IWQ3,NS(=O)(=O)c1ccc(Nc2cc([nH]n2)c3cccc(O)c3)cc1,5
DTO_03100214,CAMK1,Q14012,CN1CCC(CNc2ccc3ncc(c4cccc(OC(F)(F)F)c4)n3n2)CC1,5
DTO_03100222,CAMK4,Q16566,CCNc1ccc(cn1)c2nn(c3ccccc3C)c4c2C(C)Cc5nc(NC(=O)OC)sc45,5
DTO_03100061,CDK15,Q96Q40,O=C(Nc1[nH]nc2nc(ccc12)c3occc3)C4CC4,5
DTO_03100068,CDK2,P24941,CC(C)OC(=O)N1CCN(CC1)c2ccn3ncc(c4ccc(nc4)C(F)(F)F)c3n2,5
DTO_03100089,CLK4,Q9HAZ1,CCN(CC)S(=O)(=O)Nc1cccc(c1)c2ccc3c(NC(=O)C4CC4)[nH]nc3c2,5
DTO_03100090,CSF1R,P07333,CNC(=O)c1cccc(c1)c2ccc3c(nc(nc3n2)N4CCOC[C@@H]4C)N5CCOC[C@@H]5C,5
DTO_03100207,CSNK1A1L,Q8N752,COc1cc2ncnc(N[C@H](C)c3ccccc3)c2cc1OC4CCN(CC4)S(=O)(=O)C,5
DTO_03100209,CSNK1D,P48730,CC(C)OC(=O)N1CCN(CC1)c2ccn3ncc(c4ccc(nc4)C(F)(F)F)c3n2,5
DTO_03100209,CSNK1D,P48730,Cc1ccc2c(c3ccnc(Nc4ccc5OCCOc5c4)n3)c(nn2n1)c6ccc(cc6)C(F)(F)F,5
DTO_03100211,CSNK1G1,Q9HCP0,COC1(CCN(C)CC1)C#Cc2ccc(Cl)c(c2)c3ncc4CCc5nc(NC(=O)C)sc5c4n3,5
DTO_03100099,DAPK2,Q9UIK4,CC(C)c1ccc2c(N=Nc3ccc(cc3)S(=O)(=O)N)c(O)[nH]c2c1,5
DTO_03100099,DAPK2,Q9UIK4,CCN(C)S(=O)(=O)Nc1cccc(c1)c2ccc3c(NC(=O)C4CC4)[nH]nc3c2,5
DTO_03100100,DAPK3,O43293,CC(C)c1ccc2c(N=Nc3ccc(cc3)S(=O)(=O)N)c(O)[nH]c2c1,5
DTO_03100100,DAPK3,O43293,CCN(C)S(=O)(=O)Nc1cccc(c1)c2ccc3c(NC(=O)C4CC4)[nH]nc3c2,5
DTO_03100111,DMPK,Q09013,CCNc1ccc(cn1)c2nn(c3ccccc3C)c4c2C(C)Cc5nc(NC(=O)OC)sc45,5
DTO_03100114,DYRK1B,Q9Y463,COc1cc2ncn(c3cc(OCc4ccccc4C(F)(F)F)c(s3)C(=O)N(C)C)c2cc1OC,5
DTO_03100115,DYRK2,Q92630,Clc1cccc(Nc2nccc(NCCCN3CCOCC3)n2)c1,5
DTO_03100124,EGFR,P00533,COC1(CCN(C)CC1)C#Cc2ccc(Cl)c(c2)c3ncc4CCc5nc(NC(=O)C)sc5c4n3,5
DTO_03100124,EGFR,P00533,CCCCN(Cc1ccccc1)C(=O)c2ccc(cc2)S(=O)(=O)Nc3ccccc3,5
DTO_03100118,EIF2AK1,Q9BQI3,Fc1cccc(COc2ccc(Nc3ncnc4sc(cc34)c5cccs5)cc2Cl)c1,5
DTO_03100126,EPHA2,P29317,Cc1cc(Cl)cc2c(N=Nc3ccc(cc3)S(=O)(=O)N)c(O)[nH]c12,5
DTO_03100126,EPHA2,P29317,O=C(Nc1[nH]nc2nc(ccc12)c3occc3)C4CC4,5
DTO_03100126,EPHA2,P29317,CCN(C)S(=O)(=O)Nc1cccc(c1)c2ccc3c(NC(=O)C4CC4)[nH]nc3c2,5
DTO_03100128,EPHA4,P54764,Cc1ccc(cc1c2noc(n2)c3cccnc3)C(=O)Nc4ccc(Cl)c(c4)C(F)(F)F,5
DTO_03100130,EPHA6,Q9UF33,Cc1ccc(cc1c2noc(n2)c3cccnc3)C(=O)Nc4ccc(Cl)c(c4)C(F)(F)F,5
DTO_03100136,EPHB3,P54753,Cc1ccc(cc1c2noc(n2)c3cccnc3)C(=O)Nc4ccc(Cl)c(c4)C(F)(F)F,5
DTO_03100142,ERN1,O75460,Clc1cccc(Nc2nccc(NCCCN3CCOCC3)n2)c1,5
DTO_03100150,FGFR2,P21802,Cc1cc(Cl)cc2c(N=Nc3ccc(cc3)S(=O)(=O)N)c(O)[nH]c12,5
DTO_03100150,FGFR2,P21802,O=C(Nc1[nH]nc2nc(ccc12)c3occc3)C4CC4,5
DTO_03100150,FGFR2,P21802,CCN(C)S(=O)(=O)Nc1cccc(c1)c2ccc3c(NC(=O)C4CC4)[nH]nc3c2,5
DTO_03100152,FGFR4,P22455,CCNc1ccc(cn1)c2nn(c3ccccc3C)c4c2C(C)Cc5nc(NC(=O)OC)sc45,5
DTO_03100152,FGFR4,P22455,CCN(CC)S(=O)(=O)Nc1cccc(c1)c2ccc3c(NC(=O)C4CC4)[nH]nc3c2,5
DTO_03100559,FLT1,P17948,COC1(CCN(C)CC1)C#Cc2ccc(Cl)c(c2)c3ncc4CCc5nc(NC(=O)C)sc5c4n3,5
DTO_03100154,FLT3,P36888,COC1(CCN(C)CC1)C#Cc2ccc(Cl)c(c2)c3ncc4CCc5nc(NC(=O)C)sc5c4n3,5
DTO_03100154,FLT3,P36888,COc1c(cc(cc1c2ccc(cc2)S(=O)(=O)N)c3ccc(Cl)cc3)C(=O)N,5
DTO_03100154,FLT3,P36888,Cc1cc(cc(C)c1C=Cc2cncc(c2)c3nn[nH]n3)c4ccccn4,5
DTO_03100155,FRK,P42685,COc1ccc2ncnc(Nc3ccc(OCc4ccccc4)cc3)c2c1,5
DTO_03100156,FYN,P06241,COc1ccc2ncnc(Nc3ccc(OCc4ccccc4)cc3)c2c1,5
DTO_03100163,GRK7,Q8WTQ7,Cc1ccc2c(c3ccnc(Nc4ccc5OCCOc5c4)n3)c(nn2n1)c6ccc(cc6)C(F)(F)F,5
DTO_03100171,HCK,P08631,CCCS(=O)(=O)Nc1ccc(F)c(c1F)n2cc(nn2)c3cncc(OC)c3,5
DTO_03100179,ICK,Q9UPZ9,Clc1ccccc1n2nc(c3CCc4nc(NC(=O)NCc5ncc[nH]5)sc4c23)c6cccnc6,5
DTO_03100196,JAK1,P23458,COc1ccc(cc1)c2coc3ncnc(N)c23,5
DTO_03100196,JAK1,P23458,NS(=O)(=O)c1ccc(cc1)c2ccc3c(NC(=O)C4CC4)[nH]nc3c2,5
DTO_03100264,LATS1,O95835,CCS(=O)(=O)c1ccc(OC)c(Nc2oc(cn2)c3ccccc3Cl)c1,5
DTO_03100264,LATS1,O95835,Cc1cc(Cl)cc2c(N=Nc3ccc(cc3)S(=O)(=O)N)c(O)[nH]c12,5
DTO_03100264,LATS1,O95835,Cc1ccc(cc1c2ccc(cc2)C(=O)NCC3CC3)C(=O)NC4CCC4,5
DTO_03100264,LATS1,O95835,O=C(NCc1ccccc1)c2ccc(cc2)S(=O)(=O)NCc3ccccc3,5
DTO_03100266,LCK,P06239,CCCCN(Cc1ccccc1)C(=O)c2ccc(cc2)S(=O)(=O)Nc3ccccc3,5
DTO_03100274,LTK,P29376,Fc1ccc(cc1)c2cc(ccn2)c3c[nH]nc3c4ccccn4,5
DTO_03100274,LTK,P29376,O=C(NCc1ccccc1)c2ccc(cc2)S(=O)(=O)NCc3ccccc3,5
DTO_03100275,LYN,P07948,COc1cc2ncn(c3cc(OCc4ccccc4C(F)(F)F)c(s3)C(=O)N(C)C)c2cc1OC,5
DTO_03100298,MAK,P20794,CCN(Cc1ccccc1)C(=O)c2ccc(cc2)S(=O)(=O)Nc3ccccc3,5
DTO_03100339,MAP2K6,P52564,Cc1ccc(cc1c2noc(n2)c3cccnc3)C(=O)Nc4ccc(Cl)c(c4)C(F)(F)F,5
DTO_03100281,MAP3K15,Q6ZN16,CCNc1ccc(cn1)c2nn(c3ccccc3C)c4c2C(C)Cc5nc(NC(=O)OC)sc45,5
DTO_03100326,MAPK14,Q16539,Brc1ccc(\C=C\CNCCNS(=O)(=O)c2cccc3cnccc23)cc1,5
DTO_03100326,MAPK14,Q16539,CNC(=O)c1cccc(c1)c2ccc3c(nc(nc3n2)N4CCOC[C@@H]4C)N5CCOC[C@@H]5C,5
DTO_03100302,MARK1,Q9P0L2,COc1cc2ncnc(N[C@H](C)c3ccccc3)c2cc1OC4CCN(CC4)S(=O)(=O)C,5
DTO_03100302,MARK1,Q9P0L2,NS(=O)(=O)c1ccc(Nc2cc([nH]n2)c3cccc(O)c3)cc1,5
DTO_03100305,MARK4,Q96L34,COc1cc2ncnc(N[C@H](C)c3ccccc3)c2cc1OC4CCN(CC4)S(=O)(=O)C,5
DTO_03100310,MATK,P42679,Clc1cccc(Nc2nccc(NCCCN3CCOCC3)n2)c1,5
DTO_03100311,MELK,Q14680,COc1ccc(cc1C(=O)N)c2ccncc2,5
DTO_03100311,MELK,Q14680,COC(=O)Nc1nc2cc(ccc2[nH]1)S(=O)(=O)c3ccc(NC(=O)Nc4cc(ccc4F)C(F)(F)F)cc3,5
DTO_03100311,MELK,Q14680,CS(=O)(=O)Nc1cccc(c1)c2ccc3c(NC(=O)C4CC4)[nH]nc3c2,5
DTO_03100311,MELK,Q14680,CNC(=O)c1cncc(\C=C\c2ccccc2Cl)c1,5
DTO_03100312,MERTK,Q12866,COc1cc2ncnc(N[C@H](C)c3ccccc3)c2cc1OC4CCN(CC4)S(=O)(=O)C,5
DTO_03100314,MINK1,Q8N4C8,Fc1ccc(cc1)c2ncn(CCCN3CCOCC3)c2c4ccncc4,5
DTO_03100458,MST1R,Q04912,CCN(Cc1ccccc1)C(=O)c2ccc(cc2)S(=O)(=O)Nc3ccccc3,5
DTO_03100349,MYLK4,Q86YV6,CNC(=O)c1cccc(c1)c2ccc3c(nc(nc3n2)N4CCOC[C@@H]4C)N5CCOC[C@@H]5C,5
DTO_03100351,MYO3A,Q8NEV4,Clc1ccccc1n2nc(c3CCc4nc(NC(=O)NCc5ncc[nH]5)sc4c23)c6cccnc6,5
DTO_03100355,NEK1,Q96PY6,Cc1ccc(cc1c2noc(n2)c3cccnc3)C(=O)Nc4ccc(Cl)c(c4)C(F)(F)F,5
DTO_03100357,NEK3,P51956,Cc1ccc(cc1c2noc(n2)c3cccnc3)C(=O)Nc4ccc(Cl)c(c4)C(F)(F)F,5
DTO_03100359,NEK5,Q6P3R8,CCn1c(nc2ccncc12)c3nonc3N,5
DTO_03100361,NEK7,Q8TDX7,O=C(Nc1[nH]nc2nc(ccc12)c3occc3)C4CC4,5
DTO_03100363,NEK9,Q8TD19,O=C(Nc1[nH]nc2nc(ccc12)c3occc3)C4CC4,5
DTO_03100386,PAK3,O75914,Fc1ccc(cc1)c2cc(ccn2)c3c[nH]nc3c4ccccn4,5
DTO_03100386,PAK3,O75914,O=C(NCc1ccccc1)c2ccc(cc2)S(=O)(=O)NCc3ccccc3,5
DTO_03100388,PAK6,Q9NQU5,COC(=O)Nc1nc2CCc3c(nn(c4ccc(cc4)C5(CC5)N(C)C)c3c2s1)c6cccnc6,5
DTO_03100407,PHKG2,P15735,CC(C)c1ccc2c(N=Nc3ccc(cc3)S(=O)(=O)N)c(O)[nH]c2c1,5
DTO_03100407,PHKG2,P15735,CCN(C)S(=O)(=O)Nc1cccc(c1)c2ccc3c(NC(=O)C4CC4)[nH]nc3c2,5
DTO_03100379,PIK3C2B,O00750,NS(=O)(=O)c1cccc(c1)c2cc3ccncc3cc2OCc4ccccc4,5
DTO_03100422,PIK3CA,P42336,NS(=O)(=O)c1cccc(c1)c2cc3ccncc3cc2OCc4ccccc4,5
DTO_03100424,PIK3CD,O00329,COc1ccc(cc1)c2nn3ncccc3c2c4ccnc(Nc5cccc(c5)C(F)(F)F)n4,5
DTO_03100424,PIK3CD,O00329,CNC(=O)c1cncc(\C=C\c2ccccc2Cl)c1,5
DTO_03100425,PIK3CG,P48736,NS(=O)(=O)c1cccc(c1)c2cc3ccncc3cc2OCc4ccccc4,5
DTO_03100417,PIM1,P11309,COC(=O)Nc1nc2CCc3c(nn(c4ccc(cc4)C5(CC5)N(C)C)c3c2s1)c6cccnc6,5
DTO_03100416,PIP5K1C,O60331,N#Cc1cccc(Nc2oc(cn2)c3ccccc3)c1,5
DTO_03100416,PIP5K1C,O60331,COC(=O)c1ccc(cc1)c2cc(nc3sc(C(=O)N)c(N)c23)N4CCC(N)CC4,5
DTO_03100004,PRKAA1,Q13131,CCCS(=O)(=O)Nc1ccc(F)c(c1F)n2cc(nn2)c3cncc(OC)c3,5
DTO_03100245,PRKCH,P24723,CCN(CC)S(=O)(=O)Nc1cccc(c1)c2ccc3c(NC(=O)C4CC4)[nH]nc3c2,5
DTO_03100440,PRPF4B,Q13523,CC(C)OC(=O)N1CCN(CC1)c2ccn3ncc(c4ccc(nc4)C(F)(F)F)c3n2,5
DTO_03100145,PTK2B,Q14289,COc1cc2ncnc(N[C@H](C)c3ccccc3)c2cc1OC4CCN(CC4)S(=O)(=O)C,5
DTO_03100442,PTK6,Q13882,COc1ccc2ncnc(Nc3ccc(OCc4ccccc4)cc3)c2c1,5
DTO_03100445,RAF1,P04049,CNC(=O)c1cccc(c1)c2ccc3c(nc(nc3n2)N4CCOC[C@@H]4C)N5CCOC[C@@H]5C,5
DTO_03390992,RIOK1,Q9BRS2,COC1(CCN(C)CC1)C#Cc2ccc(Cl)c(c2)c3ncc4CCc5nc(NC(=O)C)sc5c4n3,5
DTO_03100448,RIOK2,Q9BVS4,CCNc1ccc(cn1)c2nn(c3ccccc3C)c4c2C(C)Cc5nc(NC(=O)OC)sc45,5
DTO_03100451,RIPK2,O43353,CCNc1ccc(cn1)c2nn(c3ccccc3C)c4c2C(C)Cc5nc(NC(=O)OC)sc45,5
DTO_03100451,RIPK2,O43353,CCN(CC)S(=O)(=O)Nc1cccc(c1)c2ccc3c(NC(=O)C4CC4)[nH]nc3c2,5
DTO_03100251,RPS6KA1,Q15418,COC1(CCN(C)CC1)C#Cc2ccc(Cl)c(c2)c3ncc4CCc5nc(NC(=O)C)sc5c4n3,5
DTO_03100251,RPS6KA1,Q15418,CNC(=O)c1cccc(c1)c2ccc3c(nc(nc3n2)N4CCOC[C@@H]4C)N5CCOC[C@@H]5C,5
DTO_03100255,RPS6KA5,O75582,CCN(CC)S(=O)(=O)Nc1cccc(c1)c2ccc3c(NC(=O)C4CC4)[nH]nc3c2,5
DTO_03100466,SgK110,P0C264,COc1cc2ncn(c3cc(OCc4ccccc4C(F)(F)F)c(s3)C(=O)N(C)C)c2cc1OC,5
DTO_03100473,SGK3,Q96BR1,CC(C)OC(=O)N1CCN(CC1)c2ccn3ncc(c4ccc(nc4)C(F)(F)F)c3n2,5
DTO_03100478,SLK,Q9H2G2,CCCCN(Cc1ccccc1)C(=O)c2ccc(cc2)S(=O)(=O)Nc3ccccc3,5
DTO_03100480,SNRK,Q9NRH2,Fc1cccc(COc2ccc(Nc3ncnc4sc(cc34)c5cccs5)cc2Cl)c1,5
DTO_03100486,SRPK1,Q96SB4,CC(C)OC(=O)N1CCN(CC1)c2ccn3ncc(c4ccc(nc4)C(F)(F)F)c3n2,5
DTO_03100487,SRPK2,P78362,CC(C)OC(=O)N1CCN(CC1)c2ccn3ncc(c4ccc(nc4)C(F)(F)F)c3n2,5
DTO_03100488,SRPK3,Q9UPE1,COc1ccc(cc1C(=O)N)c2ccncc2,5
DTO_03100488,SRPK3,Q9UPE1,COc1cc2ncn(c3cc(OCc4ccccc4C(F)(F)F)c(s3)C(=O)N(C)C)c2cc1OC,5
DTO_03100495,STK10,O94804,CCCS(=O)(=O)Nc1ccc(F)c(c1F)n2cc(nn2)c3cncc(OC)c3,5
DTO_03100506,STK3,Q13188,CNC(=O)c1cncc(\C=C\c2ccccc2Cl)c1,5
DTO_03100506,STK3,Q13188,N(c1ccc(Oc2ccccc2)cc1)c3oc(cn3)c4ccccc4,5
DTO_03100491,STK32A,Q8WU08,Fc1cccc(COc2ccc(Nc3ncnc4sc(cc34)c5cccs5)cc2Cl)c1,5
DTO_03100493,STK32C,Q86UX6,COc1ccc2ncnc(Nc3ccc(OCc4ccccc4)cc3)c2c1,5
DTO_03100493,STK32C,Q86UX6,O=C(NCc1ccccc1)c2ccc(cc2)S(=O)(=O)NCc3ccccc3,5
DTO_03100501,STK33,Q9BYT3,COC(=O)Nc1nc2cc(ccc2[nH]1)S(=O)(=O)c3ccc(NC(=O)Nc4cc(ccc4F)C(F)(F)F)cc3,5
DTO_03100504,STK38,Q15208,Fc1ccc(cc1)c2ncn(CCCN3CCOCC3)c2c4ccncc4,5
DTO_03100508,STK4,Q13043,Fc1ccc(cc1)c2cc(ccn2)c3c[nH]nc3c4ccccn4,5
DTO_03100508,STK4,Q13043,O=C(NCc1ccccc1)c2ccc(cc2)S(=O)(=O)NCc3ccccc3,5
DTO_03100262,SYK,P43405,CCCCN(Cc1ccccc1)C(=O)c2ccc(cc2)S(=O)(=O)Nc3ccccc3,5
DTO_03100523,TGFBR1,P36897,CNC(=O)c1cccc(c1)c2ccc3c(nc(nc3n2)N4CCOC[C@@H]4C)N5CCOC[C@@H]5C,5
DTO_03100530,TNNI3K,Q59H18,CCNc1ccc(cn1)c2nn(c3ccccc3C)c4c2C(C)Cc5nc(NC(=O)OC)sc45,5
DTO_03100530,TNNI3K,Q59H18,CCN(CC)S(=O)(=O)Nc1cccc(c1)c2ccc3c(NC(=O)C4CC4)[nH]nc3c2,5
DTO_03100540,TSSK1B,Q9BXA7,COc1c(cc(cc1c2ccc(cc2)S(=O)(=O)N)c3ccc(Cl)cc3)C(=O)N,5
DTO_03100540,TSSK1B,Q9BXA7,NC(=O)c1cc(cc(c1N)c2ccncc2)c3ccc(F)cc3,5
DTO_03100540,TSSK1B,Q9BXA7,Cc1cc(cc(C)c1C=Cc2cncc(c2)c3nn[nH]n3)c4ccccn4,5
DTO_03100540,TSSK1B,Q9BXA7,O=C(NCc1ccccc1)c2ccc(cc2)S(=O)(=O)NCc3ccccc3,5
DTO_03100550,TYRO3,Q06418,NS(=O)(=O)c1cccc(c1)c2ccc3c(NC(=O)C4CC4)[nH]nc3c2,5
DTO_03100563,VRK2,Q86Y07,COc1c(cc(cc1c2ccc(cc2)S(=O)(=O)N)c3ccc(Cl)cc3)C(=O)N,5
DTO_03100566,WEE2,P0C1S8,COc1cc2ncnc(N[C@H](C)c3ccccc3)c2cc1OC4CCN(CC4)S(=O)(=O)C,5
DTO_03100099,DAPK2,Q9UIK4,C[C@H]1Oc2cc(cnc2N)c3c(CN(C)C(=O)c4ccc(F)cc14)nn(C)c3C#N,5
DTO_03100119,EIF2AK2,P19525,NC(=O)c1ccc(cc1)c2cc3ncnc(SCC(=O)O)c3s2,5
DTO_03100326,MAPK14,Q16539,CC(C)N1C(=O)Cc2cc(Nc3ncc(c(NCc4cccc(c4)S(=O)(=O)C)n3)C(F)(F)F)ccc12,5
DTO_03100015,CABC1,Q8NI60,COc1cc(Nc2ncc3N(C)C(=O)C(F)(F)CN(C4CCCC4)c3n2)ccc1C(=O)NC5CCN(C)CC5,5
DTO_03100046,BMX,P51813,COc1cc(Nc2ncc3N(C)C(=O)C(F)(F)CN(C4CCCC4)c3n2)ccc1C(=O)NC5CCN(C)CC5,5
DTO_03100151,FGFR3,P22607,COc1cc(Nc2ncc3N(C)C(=O)C(F)(F)CN(C4CCCC4)c3n2)ccc1C(=O)NC5CCN(C)CC5,5
DTO_03100339,MAP2K6,P52564,COc1cc(Nc2ncc3N(C)C(=O)C(F)(F)CN(C4CCCC4)c3n2)ccc1C(=O)NC5CCN(C)CC5,5
DTO_03100498,STK24,Q9Y6E0,COc1cc(Nc2ncc3N(C)C(=O)C(F)(F)CN(C4CCCC4)c3n2)ccc1C(=O)NC5CCN(C)CC5,5
DTO_03100355,NEK1,Q96PY6,COc1cc(Nc2ncc3N(C)C(=O)C(F)(F)CN(C4CCCC4)c3n2)ccc1C(=O)NC5CCN(C)CC5,5
DTO_03100478,SLK,Q9H2G2,COc1cc(Nc2ncc3N(C)C(=O)C(F)(F)CN(C4CCCC4)c3n2)ccc1C(=O)NC5CCN(C)CC5,5
DTO_03100499,STK25,O00506,COc1cc(Nc2ncc3N(C)C(=O)C(F)(F)CN(C4CCCC4)c3n2)ccc1C(=O)NC5CCN(C)CC5,5
DTO_03100299,MAPKAPK2,P49137,Cc1cccc(NC(=O)Nc2ccc(cc2)c3cnc4c(Br)cnn4c3N)c1,5
DTO_03100286,MAP3K4,Q9Y6R4,Fc1cccc2c(NC(=O)Nc3cnccn3)ccnc12,5
DTO_03100345,MTOR,P42345,CN1CCN(CC1)c2ccc(Nc3ncc4C(=O)N(N=C(c5ccccn5)c4n3)c6c(Cl)cncc6Cl)cc2,5
DTO_03100015,CABC1,Q8NI60,Cn1nc(N)c2c(cncc12)c3ccc(NC(=O)Nc4cccc(Cl)c4)cc3,5
DTO_03100210,CSNK1E,P49674,Cn1nc(N)c2c(cncc12)c3ccc(NC(=O)Nc4cccc(Cl)c4)cc3,5
DTO_03100490,STK17B,O94768,Cn1nc(N)c2c(cncc12)c3ccc(NC(=O)Nc4cccc(Cl)c4)cc3,5
DTO_03100295,MAP4K3,Q8IVH8,Cn1nc(N)c2c(cncc12)c3ccc(NC(=O)Nc4cccc(Cl)c4)cc3,5
DTO_03100352,MYO3B,Q8WXR4,Cn1nc(N)c2c(cncc12)c3ccc(NC(=O)Nc4cccc(Cl)c4)cc3,5
DTO_03100061,CDK15,Q96Q40,Cn1nc(N)c2c(cncc12)c3ccc(NC(=O)Nc4cccc(Cl)c4)cc3,5
DTO_03100453,RIPK4,P57078,Cn1nc(N)c2c(cncc12)c3ccc(NC(=O)Nc4cccc(Cl)c4)cc3,5
DTO_03100252,RPS6KA2,Q15349,Cn1nc(N)c2c(cncc12)c3ccc(NC(=O)Nc4cccc(Cl)c4)cc3,5
DTO_03100484,SRC,P12931,Cn1nc(N)c2c(cncc12)c3ccc(NC(=O)Nc4cccc(Cl)c4)cc3,5
DTO_03100569,WNK3,Q9BYP7,CC(C(=O)NC1CCN(C1)c2ccnc(Nc3ccc(F)cc3)n2)c4ccc(Cl)cc4,5
DTO_03100035,AURKA,O14965,COc1cc(Nc2nccc(n2)N3CCC(C3)NC(=O)Nc4ccc5OCOc5c4)cc(OC)c1OC,5
DTO_03100037,AURKC,Q9UQB9,COc1cc(Nc2nccc(n2)N3CCC(C3)NC(=O)Nc4ccc5OCOc5c4)cc(OC)c1OC,5
DTO_03100293,MAP4K1,Q92918,COc1cc(Nc2nccc(n2)N3CCC(C3)NC(=O)Nc4ccc5OCOc5c4)cc(OC)c1OC,5
DTO_03100190,IRAK1,P51617,COc1cc(Nc2nccc(n2)N3CCC(C3)NC(=O)Nc4ccc5OCOc5c4)cc(OC)c1OC,5
DTO_03100192,IRAK3,Q9Y616,COc1cc(Nc2nccc(n2)N3CCC(C3)NC(=O)Nc4ccc5OCOc5c4)cc(OC)c1OC,5
DTO_03100359,NEK5,Q6P3R8,COc1cc(Nc2nccc(n2)N3CCC(C3)NC(=O)Nc4ccc5OCOc5c4)cc(OC)c1OC,5
DTO_03100413,PI4KB,Q9UBF8,COc1cc(Nc2nccc(n2)N3CCC(C3)NC(=O)Nc4ccc5OCOc5c4)cc(OC)c1OC,5
DTO_03390992,RIOK1,Q9BRS2,COc1cc(Nc2nccc(n2)N3CCC(C3)NC(=O)Nc4ccc5OCOc5c4)cc(OC)c1OC,5
DTO_03390991,RIOK3,O14730,COc1cc(Nc2nccc(n2)N3CCC(C3)NC(=O)Nc4ccc5OCOc5c4)cc(OC)c1OC,5
DTO_03100557,ULK3,Q6PHR2,COc1cc(Nc2nccc(n2)N3CCC(C3)NC(=O)Nc4ccc5OCOc5c4)cc(OC)c1OC,5
DTO_03100039,ACVR2B,Q13705,COc1cc(Nc2nccc(n2)N3CCC(C3)NC(=O)Nc4cccc(c4)C(=O)C)cc(OC)c1OC,5
DTO_03100508,STK4,Q13043,COc1cc(Nc2nccc(n2)N3CCC(C3)NC(=O)Nc4cccc(c4)C(=O)C)cc(OC)c1OC,5
DTO_03100386,PAK3,O75914,COc1cc(Nc2nccc(n2)N3CCC(C3)NC(=O)Nc4cccc(c4)C(=O)C)cc(OC)c1OC,5
DTO_03100052,BUB1,O43683,COc1cccc(CNC(=O)NC2CCN(C2)c3ccnc(Nc4cc(OC)c(OC)c(OC)c4)n3)c1,5
DTO_03100185,INSRR,P14616,COc1cccc(CNC(=O)NC2CCN(C2)c3ccnc(Nc4cc(OC)c(OC)c(OC)c4)n3)c1,5
DTO_03100268,LIMK2,P53671,COc1cccc(CNC(=O)NC2CCN(C2)c3ccnc(Nc4cc(OC)c(OC)c(OC)c4)n3)c1,5
DTO_03100346,MUSK,O15146,COc1cccc(CNC(=O)NC2CCN(C2)c3ccnc(Nc4cc(OC)c(OC)c(OC)c4)n3)c1,5
DTO_03100423,PIK3CB,P42338,COc1cccc(CNC(=O)NC2CCN(C2)c3ccnc(Nc4cc(OC)c(OC)c(OC)c4)n3)c1,5
DTO_03100525,TIE1,P35590,COc1cccc(CNC(=O)NC2CCN(C2)c3ccnc(Nc4cc(OC)c(OC)c(OC)c4)n3)c1,5
DTO_03100021,AKT3,Q9Y243,Oc1ccc(cc1)c2cnc(O)c3cc(sc23)c4ccncc4,5
DTO_03100553,AXL,P30530,Oc1ccc(cc1)c2cnc(O)c3cc(sc23)c4ccncc4,5
DTO_03100114,DYRK1B,Q9Y463,Oc1ccc(cc1)c2cnc(O)c3cc(sc23)c4ccncc4,5
DTO_03100170,GSG2,Q8TF76,Oc1ccc(cc1)c2cnc(O)c3cc(sc23)c4ccncc4,5
DTO_03100186,INSR,P06213,Oc1ccc(cc1)c2cnc(O)c3cc(sc23)c4ccncc4,5
DTO_03100526,TEK,Q02763,Oc1ccc(cc1)c2cnc(O)c3cc(sc23)c4ccncc4,5
DTO_03100038,ACVR2A,P27037,COc1cccc(NC(=O)NC2CCN(C2)c3ccnc(Nc4cc(OC)c(OC)c(OC)c4)n3)c1,5
DTO_03100174,HIPK3,Q9H422,COc1cccc(NC(=O)NC2CCN(C2)c3ccnc(Nc4cc(OC)c(OC)c(OC)c4)n3)c1,5
DTO_03100283,MAP3K1,Q13233,COc1cccc(NC(=O)NC2CCN(C2)c3ccnc(Nc4cc(OC)c(OC)c(OC)c4)n3)c1,5
DTO_03100297,MAP4K5,Q9Y4K4,COc1cccc(NC(=O)NC2CCN(C2)c3ccnc(Nc4cc(OC)c(OC)c(OC)c4)n3)c1,5
DTO_03390991,RIOK3,O14730,COc1cccc(NC(=O)NC2CCN(C2)c3ccnc(Nc4cc(OC)c(OC)c(OC)c4)n3)c1,5
DTO_03100083,CHEK2,O96017,CS(=O)(=O)c1ccccc1c2nc(c3ccc(F)cc3)c([nH]2)c4ccncc4,5
DTO_03100350,MYLK,Q15746,CS(=O)(=O)c1ccccc1c2nc(c3ccc(F)cc3)c([nH]2)c4ccncc4,5
DTO_03100518,TBK1,Q9UHD2,CS(=O)(=O)c1ccccc1c2nc(c3ccc(F)cc3)c([nH]2)c4ccncc4,5
DTO_03100095,CASK,O14936,Fc1ccc(CNc2nccc(NCCNC(=O)c3cc4ccccc4s3)n2)cc1,5
DTO_03100069,CDK3,Q00526,Fc1ccc(CNc2nccc(NCCNC(=O)c3cc4ccccc4s3)n2)cc1,5
DTO_03100070,CDK4,P11802,Fc1ccc(CNc2nccc(NCCNC(=O)c3cc4ccccc4s3)n2)cc1,5
DTO_03100082,CHEK1,O14757,Fc1ccc(CNc2nccc(NCCNC(=O)c3cc4ccccc4s3)n2)cc1,5
DTO_03100212,CSNK1G2,P78368,Fc1ccc(CNc2nccc(NCCNC(=O)c3cc4ccccc4s3)n2)cc1,5
DTO_03100100,DAPK3,O43293,Fc1ccc(CNc2nccc(NCCNC(=O)c3cc4ccccc4s3)n2)cc1,5
DTO_03100105,DDR1,Q08345,Fc1ccc(CNc2nccc(NCCNC(=O)c3cc4ccccc4s3)n2)cc1,5
DTO_03100135,EPHB2,P29323,Fc1ccc(CNc2nccc(NCCNC(=O)c3cc4ccccc4s3)n2)cc1,5
DTO_03100316,MAPK3,P27361,Fc1ccc(CNc2nccc(NCCNC(=O)c3cc4ccccc4s3)n2)cc1,5
DTO_03100152,FGFR4,P22455,Fc1ccc(CNc2nccc(NCCNC(=O)c3cc4ccccc4s3)n2)cc1,5
DTO_03100182,IKBKB,O14920,Fc1ccc(CNc2nccc(NCCNC(=O)c3cc4ccccc4s3)n2)cc1,5
DTO_03100190,IRAK1,P51617,Fc1ccc(CNc2nccc(NCCNC(=O)c3cc4ccccc4s3)n2)cc1,5
DTO_03100359,NEK5,Q6P3R8,Fc1ccc(CNc2nccc(NCCNC(=O)c3cc4ccccc4s3)n2)cc1,5
DTO_03100366,NLK,Q9UBE8,Fc1ccc(CNc2nccc(NCCNC(=O)c3cc4ccccc4s3)n2)cc1,5
DTO_03100404,PDGFRB,P09619,Fc1ccc(CNc2nccc(NCCNC(=O)c3cc4ccccc4s3)n2)cc1,5
DTO_03100416,PIP5K1C,O60331,Fc1ccc(CNc2nccc(NCCNC(=O)c3cc4ccccc4s3)n2)cc1,5
DTO_03100242,PRKCE,Q02156,Fc1ccc(CNc2nccc(NCCNC(=O)c3cc4ccccc4s3)n2)cc1,5
DTO_03100240,PRKD3,O94806,Fc1ccc(CNc2nccc(NCCNC(=O)c3cc4ccccc4s3)n2)cc1,5
DTO_03100446,RET,P07949,Fc1ccc(CNc2nccc(NCCNC(=O)c3cc4ccccc4s3)n2)cc1,5
DTO_03100078,CDKL3,Q8IVW4,Cc1ccc2c(cnn2n1)c3ccnc(Nc4ccc(cc4)C(F)(F)F)n3,5
DTO_03100174,HIPK3,Q9H422,Cc1ccc2c(cnn2n1)c3ccnc(Nc4ccc(cc4)C(F)(F)F)n3,5
DTO_03100322,MAPK10,P53779,Cc1ccc2c(cnn2n1)c3ccnc(Nc4ccc(cc4)C(F)(F)F)n3,5
DTO_03100231,KIT,P10721,Cc1ccc2c(cnn2n1)c3ccnc(Nc4ccc(cc4)C(F)(F)F)n3,5
DTO_03100357,NEK3,P51956,Cc1ccc2c(cnn2n1)c3ccnc(Nc4ccc(cc4)C(F)(F)F)n3,5
DTO_03100359,NEK5,Q6P3R8,Cc1ccc2c(cnn2n1)c3ccnc(Nc4ccc(cc4)C(F)(F)F)n3,5
DTO_03100411,PIP4K2C,Q8TBX8,Cc1ccc2c(cnn2n1)c3ccnc(Nc4ccc(cc4)C(F)(F)F)n3,5
DTO_03100399,PDPK1,O15530,CC(C)(C)c1ccc2nccc(Nc3cccc(O)c3)c2c1,5
DTO_03100204,PRKACA,P17612,CC(C)(C)c1ccc2nccc(Nc3cccc(O)c3)c2c1,5
DTO_03100514,TAOK1,Q7L7X3,CC(C)(C)c1ccc2nccc(Nc3cccc(O)c3)c2c1,5
DTO_03100563,VRK2,Q86Y07,CC(C)(C)c1ccc2nccc(Nc3cccc(O)c3)c2c1,5
DTO_03100150,FGFR2,P21802,CCn1c(nc2c(nc(OCCN)cc12)C#CC(C)(C)O)c3nonc3N,5
DTO_03100172,HIPK1,Q86Z02,Cc1ccc2c(cnn2n1)c3ccnc(Nc4ccc(cc4)C(F)(F)F)n3,5.013228
DTO_03100154,FLT3,P36888,COc1ccc(cc1C(=O)N)c2ccncc2,5.045757491
DTO_03100035,AURKA,O14965,COc1cc(Nc2ncc3N(C)C(=O)C(F)(F)CN(C4CCCC4)c3n2)ccc1C(=O)NC5CCN(C)CC5,5.05061
DTO_03100448,RIOK2,Q9BVS4,Cc1ccc2c(cnn2n1)c3ccnc(Nc4ccc(cc4)C(F)(F)F)n3,5.070581
DTO_03100111,DMPK,Q09013,Oc1ccc(cc1)c2cnc(O)c3cc(sc23)c4ccncc4,5.091515
DTO_03100320,MAPK8,P45983,Cc1ccc2c(cnn2n1)c3ccnc(Nc4ccc(cc4)C(F)(F)F)n3,5.091515
DTO_03100154,FLT3,P36888,NC(=O)c1cc(cc(c1N)c2ccncc2)c3ccc(F)cc3,5.15490196
DTO_03100158,GAK,O14976,COC1(CCN(C)CC1)C#Cc2ccc(Cl)c(c2)c3ncc4CCc5nc(NC(=O)C)sc5c4n3,5.161150909
DTO_03100087,CLK2,P49760,Cn1nc(N)c2c(cncc12)c3ccc(NC(=O)Nc4cccc(Cl)c4)cc3,5.161151
DTO_03100035,AURKA,O14965,COc1cccc(CNC(=O)NC2CCN(C2)c3ccnc(Nc4cc(OC)c(OC)c(OC)c4)n3)c1,5.167491
DTO_03100006,ABL1,P00519,CNC(=O)c1c[nH]c2ccc(Nc3nccc(n3)c4ccccn4)cc12,5.229147988
DTO_03100365,MGC42105,Q8IY84,COc1cc(Nc2ncc3N(C)C(=O)C(F)(F)CN(C4CCCC4)c3n2)ccc1C(=O)NC5CCN(C)CC5,5.251812
DTO_03100411,PIP4K2C,Q8TBX8,COc1cccc(CNC(=O)NC2CCN(C2)c3ccnc(Nc4cc(OC)c(OC)c(OC)c4)n3)c1,5.251812
DTO_03100016,ADCK4,Q96D53,COc1cccc(CNC(=O)NC2CCN(C2)c3ccnc(Nc4cc(OC)c(OC)c(OC)c4)n3)c1,5.267606
DTO_03100359,NEK5,Q6P3R8,COc1cccc(CNC(=O)NC2CCN(C2)c3ccnc(Nc4cc(OC)c(OC)c(OC)c4)n3)c1,5.267606
DTO_03100173,HIPK2,Q9H2X6,Cc1ccc2c(cnn2n1)c3ccnc(Nc4ccc(cc4)C(F)(F)F)n3,5.30103
DTO_03100413,PI4KB,Q9UBF8,CC(C)OC(=O)N1CCN(CC1)c2ccn3ncc(c4ccc(nc4)C(F)(F)F)c3n2,5.30980392
DTO_03100086,CLK1,P49759,Cc1ccc2c(cnn2n1)c3ccnc(Nc4ccc(cc4)C(F)(F)F)n3,5.309804
DTO_03100349,MYLK4,Q86YV6,CC(C)OC(=O)N1CCN(CC1)c2ccn3ncc(c4ccc(nc4)C(F)(F)F)c3n2,5.337242168
DTO_03100338,MAP2K5,Q13163,COc1cc(Nc2nccc(n2)N3CCC(C3)NC(=O)Nc4ccc5OCOc5c4)cc(OC)c1OC,5.376751
DTO_03100488,SRPK3,Q9UPE1,CC(C)CS(=O)(=O)Nc1cccc(c1)c2ccc3c(NC(=O)C4CC4)[nH]nc3c2,5.387216143
DTO_03100135,EPHB2,P29323,Cn1nc(N)c2c(cncc12)c3ccc(NC(=O)Nc4cccc(Cl)c4)cc3,5.39794
DTO_03100336,MAP2K3,P46734,Cc1ccc2c(cnn2n1)c3ccnc(Nc4ccc(cc4)C(F)(F)F)n3,5.39794
DTO_03100356,NEK2,P51955,COC1(CCN(C)CC1)C#Cc2ccc(Cl)c(c2)c3ncc4CCc5nc(NC(=O)C)sc5c4n3,5.397940009
DTO_03100264,LATS1,O95835,NC(=O)c1cc(cc(c1N)c2ccncc2)c3ccc(F)cc3,5.420216403
DTO_03390991,RIOK3,O14730,CN1CCC(CC1)NC(=O)c2ccc(Nc3ncc4N(C)C(=O)C(F)(F)CN(C5CCCC5)c4n3)cc2C,5.443697
DTO_03100411,PIP4K2C,Q8TBX8,COc1cc(Nc2ncc3N(C)C(=O)C(F)(F)CN(C4CCCC4)c3n2)ccc1C(=O)NC5CCN(C)CC5,5.481486
DTO_03390992,RIOK1,Q9BRS2,CC(C)OC(=O)N1CCN(CC1)c2ccn3ncc(c4ccc(nc4)C(F)(F)F)c3n2,5.48148606
DTO_03100192,IRAK3,Q9Y616,COc1cccc(CNC(=O)NC2CCN(C2)c3ccnc(Nc4cc(OC)c(OC)c(OC)c4)n3)c1,5.49485
DTO_03390991,RIOK3,O14730,CC(C)OC(=O)N1CCN(CC1)c2ccn3ncc(c4ccc(nc4)C(F)(F)F)c3n2,5.494850022
DTO_03100042,BMP2K,Q9NSY1,CC(C)OC(=O)N1CCN(CC1)c2ccn3ncc(c4ccc(nc4)C(F)(F)F)c3n2,5.508638306
DTO_03100453,RIPK4,P57078,Clc1ccccc1n2nc(c3CCc4nc(NC(=O)NCc5ncc[nH]5)sc4c23)c6cccnc6,5.508638306
DTO_03100488,SRPK3,Q9UPE1,CCN(CC)S(=O)(=O)Nc1cccc(c1)c2ccc3c(NC(=O)C4CC4)[nH]nc3c2,5.508638306
DTO_03100231,KIT,P10721,N(c1ccc(Oc2ccccc2)cc1)c3oc(cn3)c4ccccc4,5.537602002
DTO_03100139,ERBB2,P04626,Fc1cccc(COc2ccc(Nc3ncnc4sc(cc34)c5cccs5)cc2Cl)c1,5.552841969
DTO_03100197,JAK2,O60674,COc1cc(Nc2nccc(n2)N3CCC(C3)NC(=O)Nc4ccc5OCOc5c4)cc(OC)c1OC,5.552842
DTO_03100294,MAP4K2,Q12851,CC(C)(C)c1ccc2nccc(Nc3cccc(O)c3)c2c1,5.552842
DTO_03100264,LATS1,O95835,N(c1ccccc1)c2oc(cn2)c3ccccc3,5.585026652
DTO_03100138,EPHB6,O15197,COc1cccc(CNC(=O)NC2CCN(C2)c3ccnc(Nc4cc(OC)c(OC)c(OC)c4)n3)c1,5.585027
DTO_03100106,DDR2,Q16832,Cc1ccc(cc1c2noc(n2)c3cccnc3)C(=O)Nc4ccc(Cl)c(c4)C(F)(F)F,5.619788758
DTO_03100490,STK17B,O94768,CC(C)N1C(=O)Cc2cc(Nc3ncc(c(NCc4cccc(c4)S(=O)(=O)C)n3)C(F)(F)F)ccc12,5.619789
DTO_03100411,PIP4K2C,Q8TBX8,COc1cc(Nc2nccc(n2)N3CCC(C3)NC(=O)Nc4ccc5OCOc5c4)cc(OC)c1OC,5.619789
DTO_03100327,MAPK15,Q8TD08,Cc1ccc2c(cnn2n1)c3ccnc(Nc4ccc(cc4)C(F)(F)F)n3,5.619789
DTO_03100138,EPHB6,O15197,C[C@H]1Oc2cc(cnc2N)c3c(CN(C)C(=O)c4ccc(F)cc14)nn(C)c3C#N,5.638272
DTO_03100104,DCLK3,Q9C098,CN1CCC(CC1)NC(=O)c2ccc(Nc3ncc4N(C)C(=O)C(F)(F)CN(C5CCCC5)c4n3)cc2C,5.638272
DTO_03100338,MAP2K5,Q13163,OC(=O)c1cc2c(cncc2s1)c3cccc(c3)c4ccccc4,5.638272
DTO_03100197,JAK2,O60674,COc1cccc(CNC(=O)NC2CCN(C2)c3ccnc(Nc4cc(OC)c(OC)c(OC)c4)n3)c1,5.638272
DTO_03100404,PDGFRB,P09619,COc1cccc(NC(=O)NC2CCN(C2)c3ccnc(Nc4cc(OC)c(OC)c(OC)c4)n3)c1,5.657577
DTO_03390992,RIOK1,Q9BRS2,COc1cccc(NC(=O)NC2CCN(C2)c3ccnc(Nc4cc(OC)c(OC)c(OC)c4)n3)c1,5.657577
DTO_03100506,STK3,Q13188,NC(=O)c1cc(cc2c(c[nH]c12)C3CCNCC3)c4ccccc4,5.657577
DTO_03100372,NTRK2,Q16620,CC(C)N1C(=O)Cc2cc(Nc3ncc(c(NCc4cccc(c4)S(=O)(=O)C)n3)C(F)(F)F)ccc12,5.677781
DTO_03100274,LTK,P29376,COc1cc(Nc2nccc(n2)N3CCC(C3)NC(=O)Nc4cccc(c4)C(=O)C)cc(OC)c1OC,5.677781
DTO_03100091,CSNK2A1,P68400,NC(=O)c1ccc(cc1)c2cc3ncnc(SCC(=O)O)c3s2,5.69897
DTO_03100208,CSNK1A1,P48729,Fc1cccc2c(NC(=O)Nc3cnccn3)ccnc12,5.69897
DTO_03100138,EPHB6,O15197,COc1cc(Nc2nccc(n2)N3CCC(C3)NC(=O)Nc4ccc5OCOc5c4)cc(OC)c1OC,5.79588
DTO_03100557,ULK3,Q6PHR2,COc1cccc(CNC(=O)NC2CCN(C2)c3ccnc(Nc4cc(OC)c(OC)c(OC)c4)n3)c1,5.79588
DTO_03100077,CDKL2,Q92772,CCN(C)S(=O)(=O)Nc1cccc(c1)c2ccc3c(NC(=O)C4CC4)[nH]nc3c2,5.795880017
DTO_03100160,GRK4,P32298,CCN(C)S(=O)(=O)Nc1cccc(c1)c2ccc3c(NC(=O)C4CC4)[nH]nc3c2,5.795880017
DTO_03100457,ROCK2,O75116,O=C(NCC1CC1)c2ccc(cc2)c3cccc(c3)C(=O)NC4CC4,5.795880017
DTO_03100154,FLT3,P36888,COc1cc2ncn(c3cc(OCc4ccccc4C(F)(F)F)c(s3)C(=O)N(C)C)c2cc1OC,5.823908741
DTO_03100001,AAK1,Q2M2I8,CC(C)OC(=O)N1CCN(CC1)c2ccn3ncc(c4ccc(nc4)C(F)(F)F)c3n2,5.853871964
DTO_03100416,PIP5K1C,O60331,NS(=O)(=O)c1ccc(Nc2cc([nH]n2)c3cccc(O)c3)cc1,5.853871964
DTO_03100136,EPHB3,P54753,Cn1nc(N)c2c(cncc12)c3ccc(NC(=O)Nc4cccc(Cl)c4)cc3,5.853872
DTO_03100446,RET,P07949,Cn1nc(N)c2c(cncc12)c3ccc(NC(=O)Nc4cccc(Cl)c4)cc3,5.853872
DTO_03100132,EPHA8,P29322,COC(=O)Nc1nc2cc(ccc2[nH]1)S(=O)(=O)c3ccc(NC(=O)Nc4cc(ccc4F)C(F)(F)F)cc3,5.886056648
DTO_03100347,MYLK2,Q9H1R3,CC(C)CS(=O)(=O)Nc1cccc(c1)c2ccc3c(NC(=O)C4CC4)[nH]nc3c2,5.886056648
DTO_03100416,PIP5K1C,O60331,CC(C)CS(=O)(=O)Nc1cccc(c1)c2ccc3c(NC(=O)C4CC4)[nH]nc3c2,5.886056648
DTO_03100375,NUAK2,Q9H093,CC(C)N1C(=O)Cc2cc(Nc3ncc(c(NCc4cccc(c4)S(=O)(=O)C)n3)C(F)(F)F)ccc12,5.886057
DTO_03100043,BMPR2,Q13873,COc1cc(Nc2ncc3N(C)C(=O)C(F)(F)CN(C4CCCC4)c3n2)ccc1C(=O)NC5CCN(C)CC5,5.886057
DTO_03100357,NEK3,P51956,COC1(CCN(C)CC1)C#Cc2ccc(Cl)c(c2)c3ncc4CCc5nc(NC(=O)C)sc5c4n3,5.920818754
DTO_03390991,RIOK3,O14730,Clc1cccc(Nc2nccc(NCCCN3CCOCC3)n2)c1,5.920818754
DTO_03100035,AURKA,O14965,COc1cc(Nc2nccc(n2)N3CCC(C3)NC(=O)Nc4cccc(c4)C(=O)C)cc(OC)c1OC,5.920819
DTO_03100036,AURKB,Q96GD4,COc1cccc(CNC(=O)NC2CCN(C2)c3ccnc(Nc4cc(OC)c(OC)c(OC)c4)n3)c1,5.920819
DTO_03100497,STK16,O75716,COc1cc(Nc2ncc3N(C)C(=O)C(F)(F)CN(C4CCCC4)c3n2)ccc1C(=O)NC5CCN(C)CC5,5.958607
DTO_03100231,KIT,P10721,COc1cc(Nc2nccc(n2)N3CCC(C3)NC(=O)Nc4cccc(c4)C(=O)C)cc(OC)c1OC,5.958607
DTO_03100403,PDGFRA,P16234,CC(C)(C)c1ccc2nccc(Nc3cccc(O)c3)c2c1,5.958607
DTO_03100389,PAK7,Q9P286,CCn1c(nc2c(nc(OCCN)cc12)C#CC(C)(C)O)c3nonc3N,5.958607
DTO_03100404,PDGFRB,P09619,Cc1ccc(cc1c2noc(n2)c3cccnc3)C(=O)Nc4ccc(Cl)c(c4)C(F)(F)F,5.958607315
DTO_03100456,ROCK1,Q13464,O=C(NCC1CC1)c2ccc(cc2)c3cccc(c3)C(=O)NC4CC4,5.958607315
DTO_03100495,STK10,O94804,COC(=O)Nc1nc2cc(ccc2[nH]1)S(=O)(=O)c3ccc(NC(=O)Nc4cc(ccc4F)C(F)(F)F)cc3,5.958607315
DTO_03100089,CLK4,Q9HAZ1,Clc1ccc(CNc2nccc(n2)c3cnn4ncccc34)cc1,6
DTO_03100416,PIP5K1C,O60331,Clc1ccccc1n2nc(c3CCc4nc(NC(=O)NCc5ncc[nH]5)sc4c23)c6cccnc6,6
DTO_03100488,SRPK3,Q9UPE1,CCN(C)S(=O)(=O)Nc1cccc(c1)c2ccc3c(NC(=O)C4CC4)[nH]nc3c2,6
DTO_03100313,MET,P08581,CC(C)N1C(=O)Cc2cc(Nc3ncc(c(NCc4cccc(c4)S(=O)(=O)C)n3)C(F)(F)F)ccc12,6
DTO_03100241,PRKCD,Q05655,CCn1c(nc2c(nc(OCCN)cc12)C#CC(C)(C)O)c3nonc3N,6
DTO_03100105,DDR1,Q08345,Cc1ccc(cc1c2noc(n2)c3cccnc3)C(=O)Nc4ccc(Cl)c(c4)C(F)(F)F,6.013228266
DTO_03100347,MYLK2,Q9H1R3,CCN(CC)S(=O)(=O)Nc1cccc(c1)c2ccc3c(NC(=O)C4CC4)[nH]nc3c2,6.017728767
DTO_03100266,LCK,P06239,CC(C)(C)c1ccc2nccc(Nc3cccc(O)c3)c2c1,6.031517
DTO_03100042,BMP2K,Q9NSY1,CCN(CC)S(=O)(=O)Nc1cccc(c1)c2ccc3c(NC(=O)C4CC4)[nH]nc3c2,6.031517051
DTO_03100231,KIT,P10721,CNC(=O)c1cncc(\C=C\c2ccccc2Cl)c1,6.050609993
DTO_03100037,AURKC,Q9UQB9,COc1cccc(NC(=O)NC2CCN(C2)c3ccnc(Nc4cc(OC)c(OC)c(OC)c4)n3)c1,6.05061
DTO_03100077,CDKL2,Q92772,CCN(CC)S(=O)(=O)Nc1cccc(c1)c2ccc3c(NC(=O)C4CC4)[nH]nc3c2,6.055517328
DTO_03100197,JAK2,O60674,COc1cccc(NC(=O)NC2CCN(C2)c3ccnc(Nc4cc(OC)c(OC)c(OC)c4)n3)c1,6.060481
DTO_03100074,CDK8,P49336,Clc1ccc(CNc2nccc(n2)c3cnn4ncccc34)cc1,6.070581074
DTO_03100375,NUAK2,Q9H093,Brc1ccc(\C=C\CNCCNS(=O)(=O)c2cccc3cnccc23)cc1,6.075720714
DTO_03100042,BMP2K,Q9NSY1,CC(C)CS(=O)(=O)Nc1cccc(c1)c2ccc3c(NC(=O)C4CC4)[nH]nc3c2,6.086186148
DTO_03100557,ULK3,Q6PHR2,COc1cccc(NC(=O)NC2CCN(C2)c3ccnc(Nc4cc(OC)c(OC)c(OC)c4)n3)c1,6.136677
DTO_03100347,MYLK2,Q9H1R3,CCN(C)S(=O)(=O)Nc1cccc(c1)c2ccc3c(NC(=O)C4CC4)[nH]nc3c2,6.13667714
DTO_03100209,CSNK1D,P48730,Cc1cccc(c1)c2nc3cnccn3c2c4ccnc(NC5CCCCC5)n4,6.142668
DTO_03100210,CSNK1E,P49674,Cc1cccc(c1)c2nc3cnccn3c2c4ccnc(NC5CCCCC5)n4,6.142668
DTO_03100484,SRC,P12931,CC(C)(C)c1ccc2nccc(Nc3cccc(O)c3)c2c1,6.142668
DTO_03100091,CSNK2A2,P19784,CC(C)N1C(=O)Cc2cc(Nc3ncc(c(NCc4cccc(c4)S(=O)(=O)C)n3)C(F)(F)F)ccc12,6.154902
DTO_03100418,PIM2,Q9P1W9,CN1CCC(CNc2ccc3ncc(c4cccc(OC(F)(F)F)c4)n3n2)CC1,6.173925197
DTO_03100549,TYK2,P29597,CN1CCN(CC1)c2ccc(Nc3ncc4C(=O)N(N=C(c5ccccn5)c4n3)c6c(Cl)cncc6Cl)cc2,6.180456
DTO_03100231,KIT,P10721,Cc1ccc(cc1c2noc(n2)c3cccnc3)C(=O)Nc4ccc(Cl)c(c4)C(F)(F)F,6.187086643
DTO_03100231,KIT,P10721,Cc1ccc2c(c3ccnc(Nc4ccc5OCCOc5c4)n3)c(nn2n1)c6ccc(cc6)C(F)(F)F,6.187086643
DTO_03100172,HIPK1,Q86Z02,Fc1cccc2c(NC(=O)Nc3cnccn3)ccnc12,6.187087
DTO_03100497,STK16,O75716,COc1cc(Nc2nccc(n2)N3CCC(C3)NC(=O)Nc4cccc(c4)C(=O)C)cc(OC)c1OC,6.187087
DTO_03100336,MAP2K3,P46734,C[C@H]1Oc2cc(cnc2N)c3c(CN(C)C(=O)c4ccc(F)cc14)nn(C)c3C#N,6.19382
DTO_03100154,FLT3,P36888,N(c1ccc(Oc2ccccc2)cc1)c3oc(cn3)c4ccccc4,6.193820026
DTO_03100495,STK10,O94804,Fc1ccc(Cl)cc1c2nc(Nc3ccncc3)c4nccnc4n2,6.200659451
DTO_03390991,RIOK3,O14730,CC(C)N1C(=O)Cc2cc(Nc3ncc(c(NCc4cccc(c4)S(=O)(=O)C)n3)C(F)(F)F)ccc12,6.207608
DTO_03100091,CSNK2A2,P19784,NC(=O)c1ccc(cc1)c2cc3ncnc(SCC(=O)O)c3s2,6.21467
DTO_03100015,CABC1,Q8NI60,Cc1cccc(c1)c2nc3cnccn3c2c4ccnc(NC5CCCCC5)n4,6.221849
DTO_03100473,SGK3,Q96BR1,Brc1ccc(\C=C\CNCCNS(=O)(=O)c2cccc3cnccc23)cc1,6.229147988
DTO_03100266,LCK,P06239,Cc1cccc(NC(=O)Nc2ccc(cc2)c3cnc4c(Br)cnn4c3N)c1,6.229148
DTO_03100274,LTK,P29376,C[C@H]1Oc2cc(cnc2N)c3c(CN(C)C(=O)c4ccc(F)cc14)nn(C)c3C#N,6.244125
DTO_03100098,DAPK1,P53355,OC(=O)c1cc2c(cncc2s1)c3cccc(c3)c4ccccc4,6.244125
DTO_03100329,MKNK2,Q9HBH9,NS(=O)(=O)c1cccc(c1)c2cc3ccncc3cc2OCc4ccccc4,6.244125144
DTO_03100197,JAK2,O60674,COc1cc(Nc2nccc(n2)N3CCC(C3)NC(=O)Nc4cccc(c4)C(=O)C)cc(OC)c1OC,6.251812
DTO_03100373,NTRK3,Q16288,COc1cccc(NC(=O)NC2CCN(C2)c3ccnc(Nc4cc(OC)c(OC)c(OC)c4)n3)c1,6.251812
DTO_03100175,HIPK4,Q8NE63,NC(=O)c1ccc(cc1)c2cc3ncnc(SCC(=O)O)c3s2,6.259637
DTO_03100404,PDGFRB,P09619,Clc1ccccc1n2nc(c3CCc4nc(NC(=O)NCc5ncc[nH]5)sc4c23)c6cccnc6,6.259637311
DTO_03100334,MAP2K1,Q02750,Cc1cc(cc(C)c1C=Cc2cncc(c2)c3nn[nH]n3)c4ccccn4,6.283996656
DTO_03100256,RPS6KA6,Q9UK32,CN1CCC(CC1)n2cnc(c3ccc(F)cc3)c2c4ccnc(N)n4,6.283996656
DTO_03100494,STK38L,Q9Y2H1,Nc1ncnc2c1c(I)cn2[C@@H]3O[C@H](CO)[C@@H](O)[C@H]3O,6.283996656
DTO_03100036,AURKB,Q96GD4,NC(=O)c1ccc(cc1)c2cc3ncnc(SCC(=O)O)c3s2,6.283997
DTO_03100087,CLK2,P49760,COc1cc(C(=O)NC2CCN(C)CC2)c(F)cc1Nc3ncc4N(C)C(=O)C(F)(F)CN(C5CCCC5)c4n3,6.292429824
DTO_03100100,DAPK3,O43293,COc1cc(C(=O)NC2CCN(C)CC2)c(F)cc1Nc3ncc4N(C)C(=O)C(F)(F)CN(C5CCCC5)c4n3,6.292429824
DTO_03100105,DDR1,Q08345,CNC(=O)c1cncc(\C=C\c2ccccc2Cl)c1,6.30980392
DTO_03100174,HIPK3,Q9H422,Clc1ccc(CNc2nccc(n2)c3cnn4ncccc34)cc1,6.30980392
DTO_03100140,ERBB3,P21860,Cc1cc(nn1c2ccccc2)C(=O)Nc3ccc(Oc4ccc5nc(NC(=O)C6CC6)cn5n4)cc3,6.309804
DTO_03100139,ERBB2,P04626,CC(C)(C)c1ccc2nccc(Nc3cccc(O)c3)c2c1,6.309804
DTO_03100282,YSK4,Q56UN5,COc1ccc(cc1C(=O)N)c2ccncc2,6.318758763
DTO_03100103,DCLK2,Q8N568,C[C@H]1Oc2cc(cnc2N)c3c(CN(C)C(=O)c4ccc(F)cc14)nn(C)c3C#N,6.318759
DTO_03100416,PIP5K1C,O60331,NC(=O)c1ccc(cc1)c2cc3ncnc(SCC(=O)O)c3s2,6.327902
DTO_03100182,IKBKB,O14920,COC(=O)c1ccc(cc1)c2cc(nc3sc(C(=O)N)c(N)c23)N4CCC(N)CC4,6.327902142
DTO_03100338,MAP2K5,Q13163,CNC(=O)c1cncc(\C=C\c2ccccc2Cl)c1,6.327902142
DTO_03100495,STK10,O94804,C[C@H]1Oc2cc(cnc2N)c3c(CN(C)C(=O)c4ccc(F)cc14)nn(C)c3C#N,6.337242
DTO_03100208,CSNK1A1,P48729,Cc1cccc(NC(=O)Nc2ccc(cc2)c3cnc4c(Br)cnn4c3N)c1,6.337242
DTO_03100497,STK16,O75716,Clc1ccccc1n2nc(c3CCc4nc(NC(=O)NCc5ncc[nH]5)sc4c23)c6cccnc6,6.337242168
DTO_03100196,JAK1,P23458,CC(C)N1C(=O)Cc2cc(Nc3ncc(c(NCc4cccc(c4)S(=O)(=O)C)n3)C(F)(F)F)ccc12,6.356547
DTO_03100104,DCLK3,Q9C098,Cc1cccc(NC(=O)Nc2ccc(cc2)c3cnc4c(Br)cnn4c3N)c1,6.356547
DTO_03100042,BMP2K,Q9NSY1,CCN(C)S(=O)(=O)Nc1cccc(c1)c2ccc3c(NC(=O)C4CC4)[nH]nc3c2,6.356547324
DTO_03100077,CDKL2,Q92772,O=C(Nc1[nH]nc2nc(ccc12)c3occc3)C4CC4,6.356547324
DTO_03100345,MTOR,P42345,Clc1ccccc1n2nc(c3CCc4nc(NC(=O)NCc5ncc[nH]5)sc4c23)c6cccnc6,6.356547324
DTO_03100172,HIPK1,Q86Z02,Clc1ccc(CNc2nccc(n2)c3cnn4ncccc34)cc1,6.366531544
DTO_03100359,NEK5,Q6P3R8,COc1cc(Nc2nccc(n2)N3CCC(C3)NC(=O)Nc4cccc(c4)C(=O)C)cc(OC)c1OC,6.366532
DTO_03100115,DYRK2,Q92630,Oc1ccc(cc1)c2cnc(O)c3cc(sc23)c4ccncc4,6.366532
DTO_03100254,RPS6KA4,O75676,CCn1c(nc2c(nc(OCCN)cc12)C#CC(C)(C)O)c3nonc3N,6.366532
DTO_03100359,NEK5,Q6P3R8,COC1(CCN(C)CC1)C#Cc2ccc(Cl)c(c2)c3ncc4CCc5nc(NC(=O)C)sc5c4n3,6.37675071
DTO_03100518,TBK1,Q9UHD2,CC(C)N1C(=O)Cc2cc(Nc3ncc(c(NCc4cccc(c4)S(=O)(=O)C)n3)C(F)(F)F)ccc12,6.376751
DTO_03100052,BUB1,O43683,Cc1cccc(c1)c2nc3cnccn3c2c4ccnc(NC5CCCCC5)n4,6.376751
DTO_03100175,HIPK4,Q8NE63,Cn1nc(N)c2c(cncc12)c3ccc(NC(=O)Nc4cccc(Cl)c4)cc3,6.387216
DTO_03100372,NTRK2,Q16620,C[C@H]1Oc2cc(cnc2N)c3c(CN(C)C(=O)c4ccc(F)cc14)nn(C)c3C#N,6.39794
DTO_03100138,EPHB6,O15197,COc1cc(Nc2nccc(n2)N3CCC(C3)NC(=O)Nc4cccc(c4)C(=O)C)cc(OC)c1OC,6.39794
DTO_03100196,JAK1,P23458,NC(=O)c1cc(cc2c(c[nH]c12)C3CCNCC3)c4ccccc4,6.408935
DTO_03100112,DSTYK,Q6XUX3,C[C@H]1Oc2cc(cnc2N)c3c(CN(C)C(=O)c4ccc(F)cc14)nn(C)c3C#N,6.420216
DTO_03100371,NTRK1,P04629,CC(C)N1C(=O)Cc2cc(Nc3ncc(c(NCc4cccc(c4)S(=O)(=O)C)n3)C(F)(F)F)ccc12,6.420216
DTO_03100432,PLK3,Q9H4B4,COc1cc(Nc2ncc3N(C)C(=O)C(F)(F)CN(C4CCCC4)c3n2)ccc1C(=O)NC5CCN(C)CC5,6.420216
DTO_03100086,CLK1,P49759,Clc1ccc(CNc2nccc(n2)c3cnn4ncccc34)cc1,6.420216403
DTO_03100282,YSK4,Q56UN5,Oc1ccc(cc1)c2cnc(O)c3cc(sc23)c4ccncc4,6.431798
DTO_03100359,NEK5,Q6P3R8,COc1cccc(NC(=O)NC2CCN(C2)c3ccnc(Nc4cc(OC)c(OC)c(OC)c4)n3)c1,6.431798
DTO_03100495,STK10,O94804,NC(=O)c1sc(cc1OCc2ccccc2Br)n3cnc4ccccc34,6.431798276
DTO_03100262,SYK,P43405,CC(C)N1C(=O)Cc2cc(Nc3ncc(c(NCc4cccc(c4)S(=O)(=O)C)n3)C(F)(F)F)ccc12,6.443697
DTO_03100198,JAK3,P52333,CN1CCN(CC1)c2ccc(Nc3ncc4C(=O)N(N=C(c5ccccn5)c4n3)c6c(Cl)cncc6Cl)cc2,6.443697
DTO_03100256,RPS6KA6,Q9UK32,NC(=O)c1sc(cc1OCc2ccccc2Br)n3cnc4ccccc34,6.443697499
DTO_03100524,TGFBR2,P37173,Clc1ccccc1n2nc(c3CCc4nc(NC(=O)NCc5ncc[nH]5)sc4c23)c6cccnc6,6.443697499
DTO_03100170,GSG2,Q8TF76,Fc1ccc(cc1)c2c(nc3SCCn23)c4ccncc4,6.455931956
DTO_03100446,RET,P07949,CC(C)N1C(=O)Cc2cc(Nc3ncc(c(NCc4cccc(c4)S(=O)(=O)C)n3)C(F)(F)F)ccc12,6.455932
DTO_03100525,TIE1,P35590,Cc1cc(nn1c2ccccc2)C(=O)Nc3ccc(Oc4ccc5nc(NC(=O)C6CC6)cn5n4)cc3,6.455932
DTO_03100232,CAMKK1,Q8N5S9,NC(=O)c1ccc(cc1)c2cc3ncnc(SCC(=O)O)c3s2,6.468521
DTO_03100077,CDKL2,Q92772,CC(C)c1ccc2c(N=Nc3ccc(cc3)S(=O)(=O)N)c(O)[nH]c2c1,6.468521083
DTO_03100414,PIP5K1A,Q99755,CS(=O)(=O)Nc1cccc(c1)c2ccc3c(NC(=O)C4CC4)[nH]nc3c2,6.468521083
DTO_03100241,PRKCD,Q05655,Brc1ccc(\C=C\CNCCNS(=O)(=O)c2cccc3cnccc23)cc1,6.48148606
DTO_03100373,NTRK3,Q16288,Cc1cccc(NC(=O)Nc2ccc(cc2)c3cnc4c(Br)cnn4c3N)c1,6.49485
DTO_03100210,CSNK1E,P49674,Nc1nccc(n1)c2c(nn3cc(ccc23)C(F)(F)F)c4ccc(F)cc4,6.494850022
DTO_03100266,LCK,P06239,COC(=O)Nc1nc2cc(ccc2[nH]1)S(=O)(=O)c3ccc(NC(=O)Nc4cc(ccc4F)C(F)(F)F)cc3,6.494850022
DTO_03100561,FLT4,P35916,Cc1cccc(NC(=O)Nc2ccc(cc2)c3cnc4c(Br)cnn4c3N)c1,6.522879
DTO_03100174,HIPK3,Q9H422,OC(=O)c1cc2c(cncc2s1)c3cccc(c3)c4ccccc4,6.522879
DTO_03100338,MAP2K5,Q13163,Cc1cccc(NC(=O)Nc2ccc(cc2)c3cnc4c(Br)cnn4c3N)c1,6.537602
DTO_03100471,SGK1,O00141,Cc1cccc(NC(=O)Nc2ccc(cc2)c3cnc4c(Br)cnn4c3N)c1,6.537602
DTO_03100343,CDC42BPG,Q6DT37,CS(=O)(=O)c1ccccc1c2nc(c3ccc(F)cc3)c([nH]2)c4ccncc4,6.537602
DTO_03100373,NTRK3,Q16288,COc1cc(Nc2nccc(n2)N3CCC(C3)NC(=O)Nc4cccc(c4)C(=O)C)cc(OC)c1OC,6.537602
DTO_03100170,GSG2,Q8TF76,COc1ccc(cc1C(=O)N)c2ccncc2,6.537602002
DTO_03100423,PIK3CB,P42338,CCc1ncnc(N2CCN(CC2)C(=O)C)c1C#Cc3ccc(N)nc3,6.537602002
DTO_03390991,RIOK3,O14730,CCN(CC)S(=O)(=O)Nc1cccc(c1)c2ccc3c(NC(=O)C4CC4)[nH]nc3c2,6.537602002
DTO_03100210,CSNK1E,P49674,Clc1ccc(CNc2nccc(n2)c3cnn4ncccc34)cc1,6.54515514
DTO_03100326,MAPK14,Q16539,Cc1ccc2c(c3ccnc(Nc4ccc5OCCOc5c4)n3)c(nn2n1)c6ccc(cc6)C(F)(F)F,6.552841969
DTO_03100256,RPS6KA6,Q9UK32,Fc1ccc(Cl)cc1c2nc(Nc3ccncc3)c4nccnc4n2,6.552841969
DTO_03100504,STK38,Q15208,Nc1ncnc2c1c(I)cn2[C@@H]3O[C@H](CO)[C@@H](O)[C@H]3O,6.552841969
DTO_03100561,FLT4,P35916,CC(C)N1C(=O)Cc2cc(Nc3ncc(c(NCc4cccc(c4)S(=O)(=O)C)n3)C(F)(F)F)ccc12,6.552842
DTO_03100209,CSNK1D,P48730,Cc1cccc(NC(=O)Nc2ccc(cc2)c3cnc4c(Br)cnn4c3N)c1,6.552842
DTO_03100080,CDKL5,O76039,Fc1cccc2c(NC(=O)Nc3cnccn3)ccnc12,6.552842
DTO_03100138,EPHB6,O15197,COc1cccc(NC(=O)NC2CCN(C2)c3ccnc(Nc4cc(OC)c(OC)c(OC)c4)n3)c1,6.552842
DTO_03100489,STK17A,Q9UEE5,NC(=O)c1ccc(cc1)c2cc3ncnc(SCC(=O)O)c3s2,6.568636
DTO_03100503,STK36,Q9NRP7,Cc1cccc(c1)c2nc3cnccn3c2c4ccnc(NC5CCCCC5)n4,6.568636
DTO_03100411,PIP4K2C,Q8TBX8,Cn1nc(N)c2c(cncc12)c3ccc(NC(=O)Nc4cccc(Cl)c4)cc3,6.568636
DTO_03100326,MAPK14,Q16539,Cc1oc(nn1)c2ccc(C)c(c2)c3ccc(cc3)C(=O)NCc4ccc(Cl)cc4,6.568636236
DTO_03100419,PIM3,Q86V86,CN1CCC(CNc2ccc3ncc(c4cccc(OC(F)(F)F)c4)n3n2)CC1,6.568636236
DTO_03100245,PRKCH,P24723,Brc1ccc(\C=C\CNCCNS(=O)(=O)c2cccc3cnccc23)cc1,6.568636236
DTO_03100124,EGFR,P00533,Fc1cccc(COc2ccc(Nc3ncnc4sc(cc34)c5cccs5)cc2Cl)c1,6.585026652
DTO_03100416,PIP5K1C,O60331,CCN(CC)S(=O)(=O)Nc1cccc(c1)c2ccc3c(NC(=O)C4CC4)[nH]nc3c2,6.585026652
DTO_03100448,RIOK2,Q9BVS4,NC(=O)c1sc(cc1OCc2ccccc2Br)n3cnc4ccccc34,6.585026652
DTO_03100549,TYK2,P29597,CC(C)N1C(=O)Cc2cc(Nc3ncc(c(NCc4cccc(c4)S(=O)(=O)C)n3)C(F)(F)F)ccc12,6.585027
DTO_03100007,ABL2,P42684,Cc1cc(nn1c2ccccc2)C(=O)Nc3ccc(Oc4ccc5nc(NC(=O)C6CC6)cn5n4)cc3,6.585027
DTO_03100097,CIT,O14578,CS(=O)(=O)c1ccccc1c2nc(c3ccc(F)cc3)c([nH]2)c4ccncc4,6.585027
DTO_03100138,EPHB6,O15197,CCCS(=O)(=O)Nc1ccc(F)c(c1F)n2cc(nn2)c3cncc(OC)c3,6.602059991
DTO_03100141,ERBB4,Q15303,COc1ccc2ncnc(Nc3ccc(OCc4ccccc4)cc3)c2c1,6.602059991
DTO_03100524,TGFBR2,P37173,Clc1ccc(CNc2nccc(n2)c3cnn4ncccc34)cc1,6.602059991
DTO_03100431,PLK2,Q9NYY3,COc1cc2ncn(c3cc(OCc4ccccc4C(F)(F)F)c(s3)C(=O)C)c2cc1OC,6.619788758
DTO_03100411,PIP4K2C,Q8TBX8,COc1cccc(NC(=O)NC2CCN(C2)c3ccnc(Nc4cc(OC)c(OC)c(OC)c4)n3)c1,6.619789
DTO_03100478,SLK,Q9H2G2,C[C@H]1Oc2cc(cnc2N)c3c(CN(C)C(=O)c4ccc(F)cc14)nn(C)c3C#N,6.638272
DTO_03100239,PRKD2,Q9BZL6,Cc1cccc(c1)c2nc3cnccn3c2c4ccnc(NC5CCCCC5)n4,6.638272
DTO_03100282,YSK4,Q56UN5,CCn1c(nc2ccc(F)cc12)c3nonc3N,6.638272164
DTO_03100413,PI4KB,Q9UBF8,CCNc1ccc(cn1)c2nn(c3ccccc3C)c4c2C(C)Cc5nc(NC(=O)OC)sc45,6.638272164
DTO_03100411,PIP4K2C,Q8TBX8,CN1CCC(CC1)n2cnc(c3ccc(F)cc3)c2c4ccnc(N)n4,6.638272164
DTO_03100320,MAPK8,P45983,CS(=O)(=O)c1ccccc1c2nc(c3ccc(F)cc3)c([nH]2)c4ccncc4,6.657577
DTO_03100073,CDK7,P50613,Clc1ccc(CNc2nccc(n2)c3cnn4ncccc34)cc1,6.657577319
DTO_03100087,CLK2,P49760,Clc1ccc(CNc2nccc(n2)c3cnn4ncccc34)cc1,6.657577319
DTO_03100430,PLK1,P53350,COc1cc2ncn(c3cc(OCc4ccccc4C(F)(F)F)c(s3)C(=O)C)c2cc1OC,6.657577319
DTO_03100514,TAOK1,Q7L7X3,NS(=O)(=O)c1cccc(c1)c2ccc3c(NC(=O)C4CC4)[nH]nc3c2,6.657577319
DTO_03100077,CDKL2,Q92772,CC(C)CS(=O)(=O)Nc1cccc(c1)c2ccc3c(NC(=O)C4CC4)[nH]nc3c2,6.677780705
DTO_03100265,LATS2,Q9NRM7,Nc1ncnc2c1c(I)cn2[C@@H]3O[C@H](CO)[C@@H](O)[C@H]3O,6.677780705
DTO_03100335,MAP2K2,P36507,Nc1ncnc2c1c(I)cn2[C@@H]3O[C@H](CO)[C@@H](O)[C@H]3O,6.677780705
DTO_03100427,PKN1,Q16512,Brc1ccc(\C=C\CNCCNS(=O)(=O)c2cccc3cnccc23)cc1,6.677780705
DTO_03100035,AURKA,O14965,CC(C)N1C(=O)Cc2cc(Nc3ncc(c(NCc4cccc(c4)S(=O)(=O)C)n3)C(F)(F)F)ccc12,6.677781
DTO_03100337,MAP2K4,P45985,Cc1cccc(c1)c2nc3cnccn3c2c4ccnc(NC5CCCCC5)n4,6.677781
DTO_03100106,DDR2,Q16832,CN1CCN(CC1)c2ccc(Nc3ncc4C(=O)N(N=C(c5ccccn5)c4n3)c6c(Cl)cncc6Cl)cc2,6.677781
DTO_03100174,HIPK3,Q9H422,NC(=O)c1ccc(cc1)c2cc3ncnc(SCC(=O)O)c3s2,6.69897
DTO_03100559,FLT1,P17948,Cc1cc(nn1c2ccccc2)C(=O)Nc3ccc(Oc4ccc5nc(NC(=O)C6CC6)cn5n4)cc3,6.69897
DTO_03100175,HIPK4,Q8NE63,OC(=O)c1cc2c(cncc2s1)c3cccc(c3)c4ccccc4,6.69897
DTO_03100231,KIT,P10721,COc1cccc(NC(=O)NC2CCN(C2)c3ccnc(Nc4cc(OC)c(OC)c(OC)c4)n3)c1,6.69897
DTO_03100375,NUAK2,Q9H093,NC(=O)c1cc(cc2c(c[nH]c12)C3CCNCC3)c4ccccc4,6.69897
DTO_03100524,TGFBR2,P37173,CC(C)(C)c1ccc2nccc(Nc3cccc(O)c3)c2c1,6.69897
DTO_03100207,CSNK1A1L,Q8N752,CN1CCC(CC1)n2cnc(c3ccc(F)cc3)c2c4ccnc(N)n4,6.698970004
DTO_03100193,IRAK4,Q9NWZ3,CN1CCC(COc2cnc(nc2)c3cccc(CN4N=C(C=CC4=O)c5cccc(c5)C#N)c3)CC1,6.698970004
DTO_03100273,LRRK2,Q5S007,Nc1ncnc2c1c(I)cn2[C@@H]3O[C@H](CO)[C@@H](O)[C@H]3O,6.698970004
DTO_03100501,STK33,Q9BYT3,COc1cc(C(=O)NC2CCN(C)CC2)c(F)cc1Nc3ncc4N(C)C(=O)C(F)(F)CN(C5CCCC5)c4n3,6.698970004
DTO_03100210,CSNK1E,P49674,Cc1cccc(NC(=O)Nc2ccc(cc2)c3cnc4c(Br)cnn4c3N)c1,6.721246
DTO_03100114,DYRK1B,Q9Y463,Cc1cccc(NC(=O)Nc2ccc(cc2)c3cnc4c(Br)cnn4c3N)c1,6.721246
DTO_03100549,TYK2,P29597,Fc1cccc2c(NC(=O)Nc3cnccn3)ccnc12,6.721246
DTO_03100099,DAPK2,Q9UIK4,OC(=O)c1cc2c(cncc2s1)c3cccc(c3)c4ccccc4,6.721246
DTO_03100341,CDC42BPA,Q5VT25,Fc1ccc(Cl)cc1c2nc(Nc3ccncc3)c4nccnc4n2,6.721246399
DTO_03100160,GRK4,P32298,CC(C)c1noc2c3ccc(C)cc3c4c(O)nccc4c12,6.721246399
DTO_03100170,GSG2,Q8TF76,COC(=O)c1ccc(cc1)c2cc(nc3sc(C(=O)N)c(N)c23)N4CCC(N)CC4,6.721246399
DTO_03100326,MAPK14,Q16539,Fc1ccc(cc1)c2ncn(CCCN3CCOCC3)c2c4ccncc4,6.721246399
DTO_03100380,PIK3C2G,O75747,CCc1ncnc(N2CCN(CC2)C(=O)C)c1C#Cc3ccc(N)nc3,6.721246399
DTO_03100454,GRK1,Q15835,C[C@H]1Oc2cc(cnc2N)c3c(CN(C)C(=O)c4ccc(F)cc14)nn(C)c3C#N,6.744727
DTO_03100371,NTRK1,P04629,Cc1cc(nn1c2ccccc2)C(=O)Nc3ccc(Oc4ccc5nc(NC(=O)C6CC6)cn5n4)cc3,6.744727
DTO_03100282,YSK4,Q56UN5,Fc1cccc2c(NC(=O)Nc3cnccn3)ccnc12,6.744727
DTO_03100553,AXL,P30530,Cn1nc(N)c2c(cncc12)c3ccc(NC(=O)Nc4cccc(Cl)c4)cc3,6.744727
DTO_03100411,PIP4K2C,Q8TBX8,COc1cc(Nc2nccc(n2)N3CCC(C3)NC(=O)Nc4cccc(c4)C(=O)C)cc(OC)c1OC,6.744727
DTO_03100197,JAK2,O60674,NC(=O)c1cc(cc2c(c[nH]c12)C3CCNCC3)c4ccccc4,6.744727
DTO_03100052,BUB1,O43683,COc1ccc(cc1)c2nn3ncccc3c2c4ccnc(Nc5cccc(c5)C(F)(F)F)n4,6.744727495
DTO_03100065,CDK19,Q9BWU1,Clc1ccc(CNc2nccc(n2)c3cnn4ncccc34)cc1,6.744727495
DTO_03100411,PIP4K2C,Q8TBX8,COc1cc(C(=O)NC2CCN(C)CC2)c(F)cc1Nc3ncc4N(C)C(=O)C(F)(F)CN(C5CCCC5)c4n3,6.744727495
DTO_03100371,NTRK1,P04629,C[C@H]1Oc2cc(cnc2N)c3c(CN(C)C(=O)c4ccc(F)cc14)nn(C)c3C#N,6.769551
DTO_03100233,CAMKK2,Q96RR4,NC(=O)c1ccc(cc1)c2cc3ncnc(SCC(=O)O)c3s2,6.769551
DTO_03100172,HIPK1,Q86Z02,NC(=O)c1ccc(cc1)c2cc3ncnc(SCC(=O)O)c3s2,6.769551
DTO_03100036,AURKB,Q96GD4,CC(C)N1C(=O)Cc2cc(Nc3ncc(c(NCc4cccc(c4)S(=O)(=O)C)n3)C(F)(F)F)ccc12,6.769551
DTO_03100138,EPHB6,O15197,Cc1cc(nn1c2ccccc2)C(=O)Nc3ccc(Oc4ccc5nc(NC(=O)C6CC6)cn5n4)cc3,6.769551
DTO_03100312,MERTK,Q12866,Cc1cc(nn1c2ccccc2)C(=O)Nc3ccc(Oc4ccc5nc(NC(=O)C6CC6)cn5n4)cc3,6.769551
DTO_03100041,BLK,P51451,Cc1cccc(NC(=O)Nc2ccc(cc2)c3cnc4c(Br)cnn4c3N)c1,6.769551
DTO_03100113,DYRK1A,Q13627,Fc1cccc2c(NC(=O)Nc3cnccn3)ccnc12,6.769551
DTO_03100174,HIPK3,Q9H422,Oc1ccc(cc1)c2cnc(O)c3cc(sc23)c4ccncc4,6.769551
DTO_03100073,CDK7,P50613,Nc1ncnc2c1c(I)cn2[C@@H]3O[C@H](CO)[C@@H](O)[C@H]3O,6.769551079
DTO_03100208,CSNK1A1,P48729,Nc1nccc(n1)c2c(nn3cc(ccc23)C(F)(F)F)c4ccc(F)cc4,6.769551079
DTO_03100231,KIT,P10721,COc1ccc(cc1)c2nn3ncccc3c2c4ccnc(Nc5cccc(c5)C(F)(F)F)n4,6.769551079
DTO_03100321,MAPK9,P45984,CN1CCC(CC1)n2cnc(c3ccc(F)cc3)c2c4ccnc(N)n4,6.769551079
DTO_03100416,PIP5K1C,O60331,NS(=O)(=O)c1cccc(c1)c2ccc3c(NC(=O)C4CC4)[nH]nc3c2,6.769551079
DTO_03100256,RPS6KA6,Q9UK32,COC(=O)Nc1nc2CCc3c(nn(c4ccc(cc4)C5(CC5)N(C)C)c3c2s1)c6cccnc6,6.769551079
DTO_03100086,CLK1,P49759,NC(=O)c1ccc(cc1)c2cc3ncnc(SCC(=O)O)c3s2,6.79588
DTO_03100173,HIPK2,Q9H2X6,NC(=O)c1ccc(cc1)c2cc3ncnc(SCC(=O)O)c3s2,6.79588
DTO_03100549,TYK2,P29597,CN1CCC(CC1)NC(=O)c2ccc(Nc3ncc4N(C)C(=O)C(F)(F)CN(C5CCCC5)c4n3)cc2C,6.79588
DTO_03100077,CDKL2,Q92772,Cc1cc(nn1c2ccccc2)C(=O)Nc3ccc(Oc4ccc5nc(NC(=O)C6CC6)cn5n4)cc3,6.79588
DTO_03100313,MET,P08581,Cc1cc(nn1c2ccccc2)C(=O)Nc3ccc(Oc4ccc5nc(NC(=O)C6CC6)cn5n4)cc3,6.79588
DTO_03100446,RET,P07949,Cc1cccc(NC(=O)Nc2ccc(cc2)c3cnc4c(Br)cnn4c3N)c1,6.79588
DTO_03100503,STK36,Q9NRP7,Fc1cccc2c(NC(=O)Nc3cnccn3)ccnc12,6.79588
DTO_03100322,MAPK10,P53779,Fc1ccc(Cl)cc1c2nc(Nc3ccncc3)c4nccnc4n2,6.795880017
DTO_03100326,MAPK14,Q16539,Cc1ccc(cc1c2ccc3[nH]ncc3c2)C(=O)NC4CC4,6.795880017
DTO_03100366,NLK,Q9UBE8,COc1ccc(cc1)c2nn3ncccc3c2c4ccnc(Nc5cccc(c5)C(F)(F)F)n4,6.795880017
DTO_03390992,RIOK1,Q9BRS2,CCN(C)S(=O)(=O)Nc1cccc(c1)c2ccc3c(NC(=O)C4CC4)[nH]nc3c2,6.795880017
DTO_03100547,TTK,P33981,COc1cc(C(=O)NC2CCN(C)CC2)c(F)cc1Nc3ncc4N(C)C(=O)C(F)(F)CN(C5CCCC5)c4n3,6.795880017
DTO_03100114,DYRK1B,Q9Y463,Clc1ccc(CNc2nccc(n2)c3cnn4ncccc34)cc1,6.823908741
DTO_03100186,INSR,P06213,COc1cc(C(=O)NC2CCN(C)CC2)c(F)cc1Nc3ncc4N(C)C(=O)C(F)(F)CN(C5CCCC5)c4n3,6.823908741
DTO_03100326,MAPK14,Q16539,Cc1ccc(cc1c2ccc(cc2)C(=O)NCC3CC3)C(=O)NC4CCC4,6.823908741
DTO_03100372,NTRK2,Q16620,Nc1ncnc2c1c(I)cn2[C@@H]3O[C@H](CO)[C@@H](O)[C@H]3O,6.823908741
DTO_03100155,FRK,P42685,C[C@H]1Oc2cc(cnc2N)c3c(CN(C)C(=O)c4ccc(F)cc14)nn(C)c3C#N,6.823909
DTO_03100196,JAK1,P23458,CN1CCC(CC1)NC(=O)c2ccc(Nc3ncc4N(C)C(=O)C(F)(F)CN(C5CCCC5)c4n3)cc2C,6.823909
DTO_03100331,ZAK,Q9NYL2,Cc1cccc(c1)c2nc3cnccn3c2c4ccnc(NC5CCCCC5)n4,6.823909
DTO_03100086,CLK1,P49759,Oc1ccc(cc1)c2cnc(O)c3cc(sc23)c4ccncc4,6.823909
DTO_03100192,IRAK3,Q9Y616,COc1cccc(NC(=O)NC2CCN(C2)c3ccnc(Nc4cc(OC)c(OC)c(OC)c4)n3)c1,6.823909
DTO_03100042,BMP2K,Q9NSY1,CS(=O)(=O)Nc1cccc(c1)c2ccc3c(NC(=O)C4CC4)[nH]nc3c2,6.853871964
DTO_03100098,DAPK1,P53355,COc1cc(C(=O)NC2CCN(C)CC2)c(F)cc1Nc3ncc4N(C)C(=O)C(F)(F)CN(C5CCCC5)c4n3,6.853871964
DTO_03100268,LIMK2,P53671,CCCN(Cc1ccccc1)C(=O)c2ccc(cc2)S(=O)(=O)Nc3cccc(Cl)c3,6.853871964
DTO_03100403,PDGFRA,P16234,N#Cc1cccc(Nc2oc(cn2)c3ccccc3)c1,6.853871964
DTO_03100413,PI4KB,Q9UBF8,COC(=O)Nc1nc2CCc3c(nn(c4ccc(cc4)C5(CC5)N(C)C)c3c2s1)c6cccnc6,6.853871964
DTO_03100416,PIP5K1C,O60331,CS(=O)(=O)Nc1cccc(c1)c2ccc3c(NC(=O)C4CC4)[nH]nc3c2,6.853871964
DTO_03100144,PTK2,Q05397,COc1cc(C(=O)NC2CCN(C)CC2)c(F)cc1Nc3ncc4N(C)C(=O)C(F)(F)CN(C5CCCC5)c4n3,6.853871964
DTO_03100448,RIOK2,Q9BVS4,CCc1ncnc(N2CCN(CC2)C(=O)C)c1C#Cc3ccc(N)nc3,6.853871964
DTO_03390991,RIOK3,O14730,CS(=O)(=O)Nc1cccc(c1)c2ccc3c(NC(=O)C4CC4)[nH]nc3c2,6.853871964
DTO_03100446,RET,P07949,Cc1cc(nn1c2ccccc2)C(=O)Nc3ccc(Oc4ccc5nc(NC(=O)C6CC6)cn5n4)cc3,6.853872
DTO_03100091,CSNK2A2,P19784,Fc1cccc2c(NC(=O)Nc3cnccn3)ccnc12,6.853872
DTO_03100173,HIPK2,Q9H2X6,OC(=O)c1cc2c(cncc2s1)c3cccc(c3)c4ccccc4,6.853872
DTO_03100561,FLT4,P35916,Cn1nc(N)c2c(cncc12)c3ccc(NC(=O)Nc4cccc(Cl)c4)cc3,6.853872
DTO_03100349,MYLK4,Q86YV6,NC(=O)c1cc(cc2c(c[nH]c12)C3CCNCC3)c4ccccc4,6.853872
DTO_03100001,AAK1,Q2M2I8,CCN(C)S(=O)(=O)Nc1cccc(c1)c2ccc3c(NC(=O)C4CC4)[nH]nc3c2,6.886056648
DTO_03100190,IRAK1,P51617,CN1CCC(COc2cnc(nc2)c3cccc(CN4N=C(C=CC4=O)c5cccc(c5)C#N)c3)CC1,6.886056648
DTO_03100282,YSK4,Q56UN5,Fc1ccc(cc1)c2c(nc3SCCn23)c4ccncc4,6.886056648
DTO_03100404,PDGFRB,P09619,NS(=O)(=O)c1ccc(Nc2cc([nH]n2)c3cccc(O)c3)cc1,6.886056648
DTO_03100163,GRK7,Q8WTQ7,C[C@H]1Oc2cc(cnc2N)c3c(CN(C)C(=O)c4ccc(F)cc14)nn(C)c3C#N,6.886057
DTO_03100138,EPHB6,O15197,Cc1cccc(NC(=O)Nc2ccc(cc2)c3cnc4c(Br)cnn4c3N)c1,6.886057
DTO_03100347,MYLK2,Q9H1R3,Cc1cccc(NC(=O)Nc2ccc(cc2)c3cnc4c(Br)cnn4c3N)c1,6.886057
DTO_03100089,CLK4,Q9HAZ1,Oc1ccc(cc1)c2cnc(O)c3cc(sc23)c4ccncc4,6.886057
DTO_03100113,DYRK1A,Q13627,Oc1ccc(cc1)c2cnc(O)c3cc(sc23)c4ccncc4,6.886057
DTO_03100446,RET,P07949,CC(C)(C)c1ccc2nccc(Nc3cccc(O)c3)c2c1,6.886057
DTO_03100163,GRK7,Q8WTQ7,CN1CCC(CNc2ccc3ncc(c4cccc(OC(F)(F)F)c4)n3n2)CC1,6.920818754
DTO_03100267,LIMK1,P53667,CCCCN(Cc1ccccc1)C(=O)c2ccc(cc2)S(=O)(=O)Nc3ccccc3,6.920818754
DTO_03100403,PDGFRA,P16234,N(c1ccccc1)c2oc(cn2)c3ccccc3,6.920818754
DTO_03100413,PI4KB,Q9UBF8,Clc1ccccc1n2nc(c3CCc4nc(NC(=O)NCc5ncc[nH]5)sc4c23)c6cccnc6,6.920818754
DTO_03100423,PIK3CB,P42338,Clc1ccccc1n2nc(c3CCc4nc(NC(=O)NCc5ncc[nH]5)sc4c23)c6cccnc6,6.920818754
DTO_03390992,RIOK1,Q9BRS2,CS(=O)(=O)Nc1cccc(c1)c2ccc3c(NC(=O)C4CC4)[nH]nc3c2,6.920818754
DTO_03100102,DCLK1,O15075,C[C@H]1Oc2cc(cnc2N)c3c(CN(C)C(=O)c4ccc(F)cc14)nn(C)c3C#N,6.920819
DTO_03100148,FES,P07332,C[C@H]1Oc2cc(cnc2N)c3c(CN(C)C(=O)c4ccc(F)cc14)nn(C)c3C#N,6.920819
DTO_03100407,PHKG2,P15735,C[C@H]1Oc2cc(cnc2N)c3c(CN(C)C(=O)c4ccc(F)cc14)nn(C)c3C#N,6.920819
DTO_03100404,PDGFRB,P09619,NC(=O)c1ccc(cc1)c2cc3ncnc(SCC(=O)O)c3s2,6.920819
DTO_03100495,STK10,O94804,Cc1cc(nn1c2ccccc2)C(=O)Nc3ccc(Oc4ccc5nc(NC(=O)C6CC6)cn5n4)cc3,6.920819
DTO_03100197,JAK2,O60674,CN1CCN(CC1)c2ccc(Nc3ncc4C(=O)N(N=C(c5ccccn5)c4n3)c6c(Cl)cncc6Cl)cc2,6.920819
DTO_03100438,PRKX,P51817,CCn1c(nc2c(nc(OCCN)cc12)C#CC(C)(C)O)c3nonc3N,6.920819
DTO_03100297,MAP4K5,Q9Y4K4,CN1CCN(CC1)c2ccc(Nc3ncc4C(=O)N(N=C(c5ccccn5)c4n3)c6c(Cl)cncc6Cl)cc2,6.958607
DTO_03100373,NTRK3,Q16288,Cn1nc(N)c2c(cncc12)c3ccc(NC(=O)Nc4cccc(Cl)c4)cc3,6.958607
DTO_03100192,IRAK3,Q9Y616,COc1cc(Nc2nccc(n2)N3CCC(C3)NC(=O)Nc4cccc(c4)C(=O)C)cc(OC)c1OC,6.958607
DTO_03100181,CHUK,O15111,Nc1ncnc2c1c(I)cn2[C@@H]3O[C@H](CO)[C@@H](O)[C@H]3O,6.958607315
DTO_03100231,KIT,P10721,N#Cc1cccc(Nc2oc(cn2)c3ccccc3)c1,6.958607315
DTO_03100323,MAPK11,Q15759,COc1c(NC(=O)c2cc3cccc(Oc4ccnc(c4)C(=O)N5CCN(C)CC5)c3n2C)cc(cc1NS(=O)(=O)C)C(C)(C)C,6.958607315
DTO_03100377,OXSR1,O95747,Nc1ncnc2c1c(I)cn2[C@@H]3O[C@H](CO)[C@@H](O)[C@H]3O,6.958607315
DTO_03100404,PDGFRB,P09619,N(c1ccc(Oc2ccccc2)cc1)c3oc(cn3)c4ccccc4,6.958607315
DTO_03100423,PIK3CB,P42338,COC1(CCN(C)CC1)C#Cc2ccc(Cl)c(c2)c3ncc4CCc5nc(NC(=O)C)sc5c4n3,6.958607315
DTO_03100410,PIP4K2B,P78356,CC(C)c1noc2c3ccc(C)cc3c4c(O)nccc4c12,6.958607315
DTO_03100442,PTK6,Q13882,CCCS(=O)(=O)Nc1ccc(F)c(c1F)n2cc(nn2)c3cncc(OC)c3,6.958607315
DTO_03390991,RIOK3,O14730,CCN(C)S(=O)(=O)Nc1cccc(c1)c2ccc3c(NC(=O)C4CC4)[nH]nc3c2,6.958607315
DTO_03100256,RPS6KA6,Q9UK32,Nc1nccc(n1)c2c(nn3cc(ccc23)C(F)(F)F)c4ccc(F)cc4,6.958607315
DTO_03100001,AAK1,Q2M2I8,CS(=O)(=O)Nc1cccc(c1)c2ccc3c(NC(=O)C4CC4)[nH]nc3c2,7
DTO_03100411,PIP4K2C,Q8TBX8,CN1CCC(CC1)n2cnc(c3ccc(F)cc3)c2c4ccnc(NCCO)n4,7
DTO_03100338,MAP2K5,Q13163,Cc1cc(nn1c2ccccc2)C(=O)Nc3ccc(Oc4ccc5nc(NC(=O)C6CC6)cn5n4)cc3,7
DTO_03100158,GAK,O14976,Cc1cccc(c1)c2nc3cnccn3c2c4ccnc(NC5CCCCC5)n4,7
DTO_03100020,AKT2,P31751,CCn1c(nc2c(nc(OCCN)cc12)C#CC(C)(C)O)c3nonc3N,7
DTO_03100532,TNK1,Q13470,C[C@H]1Oc2cc(cnc2N)c3c(CN(C)C(=O)c4ccc(F)cc14)nn(C)c3C#N,7.004365
DTO_03100266,LCK,P06239,Cc1cc(nn1c2ccccc2)C(=O)Nc3ccc(Oc4ccc5nc(NC(=O)C6CC6)cn5n4)cc3,7.004365
DTO_03100105,DDR1,Q08345,CN1CCN(CC1)c2ccc(Nc3ncc4C(=O)N(N=C(c5ccccn5)c4n3)c6c(Cl)cncc6Cl)cc2,7.004365
DTO_03100019,AKT1,P31749,CCn1c(nc2c(nc(OCCN)cc12)C#CC(C)(C)O)c3nonc3N,7.004365
DTO_03100190,IRAK1,P51617,CN1CCC(CC1)NC(=O)c2ccc(Nc3ncc4N(C)C(=O)C(F)(F)CN(C5CCCC5)c4n3)cc2C,7.022276
DTO_03100416,PIP5K1C,O60331,CCN(C)S(=O)(=O)Nc1cccc(c1)c2ccc3c(NC(=O)C4CC4)[nH]nc3c2,7.022276395
DTO_03100155,FRK,P42685,CC(C)(C)c1ccc2nccc(Nc3cccc(O)c3)c2c1,7.031517
DTO_03100342,CDC42BPB,Q9Y5S2,Fc1ccc(Cl)cc1c2nc(Nc3ccncc3)c4nccnc4n2,7.031517051
DTO_03100197,JAK2,O60674,CC(C)N1C(=O)Cc2cc(Nc3ncc(c(NCc4cccc(c4)S(=O)(=O)C)n3)C(F)(F)F)ccc12,7.045757
DTO_03100172,HIPK1,Q86Z02,OC(=O)c1cc2c(cncc2s1)c3cccc(c3)c4ccccc4,7.045757
DTO_03100336,MAP2K3,P46734,Nc1ncnc2c1c(I)cn2[C@@H]3O[C@H](CO)[C@@H](O)[C@H]3O,7.045757491
DTO_03100366,NLK,Q9UBE8,CN1CCC(CC1)n2cnc(c3ccc(F)cc3)c2c4ccnc(N)n4,7.045757491
DTO_03100285,MAP3K3,Q99759,CN1CCN(CC1)c2ccc(Nc3ncc4C(=O)N(N=C(c5ccccn5)c4n3)c6c(Cl)cncc6Cl)cc2,7.05061
DTO_03100524,TGFBR2,P37173,Fc1cccc2c(NC(=O)Nc3cnccn3)ccnc12,7.055517
DTO_03100231,KIT,P10721,NS(=O)(=O)c1ccc(Nc2cc([nH]n2)c3cccc(O)c3)cc1,7.055517328
DTO_03100139,ERBB2,P04626,COc1cc2ncnc(N[C@H](C)c3ccccc3)c2cc1OC4CCN(CC4)S(=O)(=O)C,7.060480747
DTO_03100256,RPS6KA6,Q9UK32,Cc1cccc(c1)c2nc3cnccn3c2c4ccnc(NC5CCCCC5)n4,7.065502
DTO_03100380,PIK3C2G,O75747,CN(C)C(=O)C(=Cc1oc(cc1)c2nc3cnc4[nH]ccc4c3n2C5CCCCC5)C#N,7.075720714
DTO_03390992,RIOK1,Q9BRS2,CN1CCC(CC1)NC(=O)c2ccc(Nc3ncc4N(C)C(=O)C(F)(F)CN(C5CCCC5)c4n3)cc2C,7.075721
DTO_03100251,RPS6KA1,Q15418,Cc1cccc(c1)c2nc3cnccn3c2c4ccnc(NC5CCCCC5)n4,7.080922
DTO_03100284,MAP3K2,Q9Y2U5,CN1CCN(CC1)c2ccc(Nc3ncc4C(=O)N(N=C(c5ccccn5)c4n3)c6c(Cl)cncc6Cl)cc2,7.086186
DTO_03100403,PDGFRA,P16234,CC(C)c1ccc2c(N=Nc3ccc(cc3)S(=O)(=O)N)c(O)[nH]c2c1,7.091514981
DTO_03100425,PIK3CG,P48736,CN1CCC(CC1)NC(=O)c2ccc(Nc3ncc4N(C)C(=O)C(F)(F)CN(C5CCCC5)c4n3)cc2C,7.091515
DTO_03100326,MAPK14,Q16539,COc1ccc(cc1)c2nn3ncccc3c2c4ccnc(Nc5cccc(c5)C(F)(F)F)n4,7.102372909
DTO_03100365,MGC42105,Q8IY84,CN1CCC(CC1)NC(=O)c2ccc(Nc3ncc4N(C)C(=O)C(F)(F)CN(C5CCCC5)c4n3)cc2C,7.107905
DTO_03100267,LIMK1,P53667,CCN(Cc1ccccc1)C(=O)c2ccc(cc2)S(=O)(=O)Nc3ccccc3,7.107905397
DTO_03100331,ZAK,Q9NYL2,CCCS(=O)(=O)Nc1ccc(F)c(c1F)n2cc(nn2)c3cncc(OC)c3,7.107905397
DTO_03100379,PIK3C2B,O00750,COC1(CCN(C)CC1)C#Cc2ccc(Cl)c(c2)c3ncc4CCc5nc(NC(=O)C)sc5c4n3,7.119186408
DTO_03100276,MAP3K10,Q02779,CC(C)N1C(=O)Cc2cc(Nc3ncc(c(NCc4cccc(c4)S(=O)(=O)C)n3)C(F)(F)F)ccc12,7.130768
DTO_03100087,CLK2,P49760,CN1CCC(CC1)NC(=O)c2ccc(Nc3ncc4N(C)C(=O)C(F)(F)CN(C5CCCC5)c4n3)cc2C,7.130768
DTO_03100286,MAP3K4,Q9Y6R4,CN1CCC(CC1)NC(=O)c2ccc(Nc3ncc4N(C)C(=O)C(F)(F)CN(C5CCCC5)c4n3)cc2C,7.130768
DTO_03100059,CDK13,Q14004,Nc1ncnc2c1c(I)cn2[C@@H]3O[C@H](CO)[C@@H](O)[C@H]3O,7.13076828
DTO_03100173,HIPK2,Q9H2X6,Nc1ncnc2c1c(I)cn2[C@@H]3O[C@H](CO)[C@@H](O)[C@H]3O,7.13076828
DTO_03100338,MAP2K5,Q13163,COc1cccc(CNC(=O)NC2CCN(C2)c3ccnc(Nc4cc(OC)c(OC)c(OC)c4)n3)c1,7.136677
DTO_03390992,RIOK1,Q9BRS2,CCN(CC)S(=O)(=O)Nc1cccc(c1)c2ccc3c(NC(=O)C4CC4)[nH]nc3c2,7.142667504
DTO_03100456,ROCK1,Q13464,CN(C)CCCn1c(nc2cnccc12)c3nonc3N,7.142667504
DTO_03100138,EPHB6,O15197,Cn1nc(N)c2c(cncc12)c3ccc(NC(=O)Nc4cccc(Cl)c4)cc3,7.142668
DTO_03100379,PIK3C2B,O00750,Clc1ccccc1n2nc(c3CCc4nc(NC(=O)NCc5ncc[nH]5)sc4c23)c6cccnc6,7.161150909
DTO_03100457,ROCK2,O75116,CN(C)CCCn1c(nc2cnccc12)c3nonc3N,7.161150909
DTO_03100514,TAOK1,Q7L7X3,NC(=O)c1cc(cc2c(c[nH]c12)C3CCNCC3)c4ccccc4,7.167491
DTO_03100172,HIPK1,Q86Z02,Nc1ncnc2c1c(I)cn2[C@@H]3O[C@H](CO)[C@@H](O)[C@H]3O,7.167491087
DTO_03100205,PRKACB,P22694,Brc1ccc(\C=C\CNCCNS(=O)(=O)c2cccc3cnccc23)cc1,7.167491087
DTO_03100431,PLK2,Q9NYY3,COc1cc(Nc2ncc3N(C)C(=O)C(F)(F)CN(C4CCCC4)c3n2)ccc1C(=O)NC5CCN(C)CC5,7.173925
DTO_03100090,CSF1R,P07333,Cc1cc(nn1c2ccccc2)C(=O)Nc3ccc(Oc4ccc5nc(NC(=O)C6CC6)cn5n4)cc3,7.173925
DTO_03100233,CAMKK2,Q96RR4,COc1cc(C(=O)NC2CCN(C)CC2)c(F)cc1Nc3ncc4N(C)C(=O)C(F)(F)CN(C5CCCC5)c4n3,7.173925197
DTO_03100105,DDR1,Q08345,Nc1nccc(n1)c2c(nn3cc(ccc23)C(F)(F)F)c4ccc(F)cc4,7.173925197
DTO_03100338,MAP2K5,Q13163,Nc1ncnc2c1c(I)cn2[C@@H]3O[C@H](CO)[C@@H](O)[C@H]3O,7.173925197
DTO_03100158,GAK,O14976,COc1ccc(cc1)c2nn3ncccc3c2c4ccnc(Nc5cccc(c5)C(F)(F)F)n4,7.180456064
DTO_03100322,MAPK10,P53779,CS(=O)(=O)c1ccccc1c2nc(c3ccc(F)cc3)c([nH]2)c4ccncc4,7.187087
DTO_03100268,LIMK2,P53671,CCCCN(Cc1ccccc1)C(=O)c2ccc(cc2)S(=O)(=O)Nc3ccccc3,7.193820026
DTO_03100422,PIK3CA,P42336,COC1(CCN(C)CC1)C#Cc2ccc(Cl)c(c2)c3ncc4CCc5nc(NC(=O)C)sc5c4n3,7.193820026
DTO_03100549,TYK2,P29597,COC1(CCN(C)CC1)C#Cc2ccc(Cl)c(c2)c3ncc4CCc5nc(NC(=O)C)sc5c4n3,7.193820026
DTO_03100154,FLT3,P36888,CC(C)N1C(=O)Cc2cc(Nc3ncc(c(NCc4cccc(c4)S(=O)(=O)C)n3)C(F)(F)F)ccc12,7.21467
DTO_03100403,PDGFRA,P16234,NS(=O)(=O)c1ccc(Nc2cc([nH]n2)c3cccc(O)c3)cc1,7.214670165
DTO_03100425,PIK3CG,P48736,CCc1ncnc(N2CCN(CC2)C(=O)C)c1C#Cc3ccc(N)nc3,7.22184875
DTO_03100326,MAPK14,Q16539,CN1CCC(CC1)n2cnc(c3ccc(F)cc3)c2c4ccnc(NCCO)n4,7.229147988
DTO_03100106,DDR2,Q16832,Cn1nc(N)c2c(cncc12)c3ccc(NC(=O)Nc4cccc(Cl)c4)cc3,7.229148
DTO_03100326,MAPK14,Q16539,CS(=O)(=O)c1ccccc1c2nc(c3ccc(F)cc3)c([nH]2)c4ccncc4,7.267606
DTO_03100208,CSNK1A1,P48729,Nc1ncnc2c1c(I)cn2[C@@H]3O[C@H](CO)[C@@H](O)[C@H]3O,7.26760624
DTO_03100338,MAP2K5,Q13163,Cc1cc(cc(C)c1C=Cc2cncc(c2)c3nn[nH]n3)c4ccccn4,7.26760624
DTO_03100456,ROCK1,Q13464,Brc1ccc(\C=C\CNCCNS(=O)(=O)c2cccc3cnccc23)cc1,7.26760624
DTO_03100035,AURKA,O14965,CN1CCC(CC1)NC(=O)c2ccc(Nc3ncc4N(C)C(=O)C(F)(F)CN(C5CCCC5)c4n3)cc2C,7.275724
DTO_03100485,SRMS,Q9H3Y6,CCCS(=O)(=O)Nc1ccc(F)c(c1F)n2cc(nn2)c3cncc(OC)c3,7.27572413
DTO_03100566,WEE2,P0C1S8,CN1CCN(CC1)c2ccc(Nc3ncc4C(=O)N(N=C(c5ccccn5)c4n3)c6c(Cl)cncc6Cl)cc2,7.283997
DTO_03100174,HIPK3,Q9H422,Nc1ncnc2c1c(I)cn2[C@@H]3O[C@H](CO)[C@@H](O)[C@H]3O,7.301029996
DTO_03100193,IRAK4,Q9NWZ3,Nc1ncnc2c1c(I)cn2[C@@H]3O[C@H](CO)[C@@H](O)[C@H]3O,7.301029996
DTO_03100231,KIT,P10721,N(c1ccccc1)c2oc(cn2)c3ccccc3,7.301029996
DTO_03100497,STK16,O75716,CC(C)N1C(=O)Cc2cc(Nc3ncc(c(NCc4cccc(c4)S(=O)(=O)C)n3)C(F)(F)F)ccc12,7.309804
DTO_03100006,ABL1,P00519,CC(C)(C)c1ccc2nccc(Nc3cccc(O)c3)c2c1,7.309804
DTO_03100561,FLT4,P35916,Cc1cc(nn1c2ccccc2)C(=O)Nc3ccc(Oc4ccc5nc(NC(=O)C6CC6)cn5n4)cc3,7.318759
DTO_03100565,WEE1,P30291,CN1CCN(CC1)c2ccc(Nc3ncc4C(=O)N(N=C(c5ccccn5)c4n3)c6c(Cl)cncc6Cl)cc2,7.327902
DTO_03100282,YSK4,Q56UN5,Cn1nc(N)c2c(cncc12)c3ccc(NC(=O)Nc4cccc(Cl)c4)cc3,7.327902
DTO_03100334,MAP2K1,Q02750,Nc1ncnc2c1c(I)cn2[C@@H]3O[C@H](CO)[C@@H](O)[C@H]3O,7.327902142
DTO_03100313,MET,P08581,CN1CCC(CC1)NC(=O)c2ccc(Nc3ncc4N(C)C(=O)C(F)(F)CN(C5CCCC5)c4n3)cc2C,7.337242
DTO_03100070,CDK4,P11802,Fc1cccc2c(NC(=O)Nc3cnccn3)ccnc12,7.337242
DTO_03100321,MAPK9,P45984,CS(=O)(=O)c1ccccc1c2nc(c3ccc(F)cc3)c([nH]2)c4ccncc4,7.337242
DTO_03100282,YSK4,Q56UN5,CN1CCC(CC1)NC(=O)c2ccc(Nc3ncc4N(C)C(=O)C(F)(F)CN(C5CCCC5)c4n3)cc2C,7.346787
DTO_03100021,AKT3,Q9Y243,CCn1c(nc2c(nc(OCCN)cc12)C#CC(C)(C)O)c3nonc3N,7.346787
DTO_03100404,PDGFRB,P09619,COc1ccc(cc1)c2coc3ncnc(N)c23,7.346787486
DTO_03100158,GAK,O14976,Nc1nccc(n1)c2c(nn3cc(ccc23)C(F)(F)F)c4ccc(F)cc4,7.356547324
DTO_03100268,LIMK2,P53671,CCN(Cc1ccccc1)C(=O)c2ccc(cc2)S(=O)(=O)Nc3ccccc3,7.356547324
DTO_03100074,CDK8,P49336,OC(=O)c1cc2c(cncc2s1)c3cccc(c3)c4ccccc4,7.366532
DTO_03100073,CDK7,P50613,Fc1cccc2c(NC(=O)Nc3cnccn3)ccnc12,7.376751
DTO_03100100,DAPK3,O43293,OC(=O)c1cc2c(cncc2s1)c3cccc(c3)c4ccccc4,7.376751
DTO_03100113,DYRK1A,Q13627,NC(=O)c1ccc(cc1)c2cc3ncnc(SCC(=O)O)c3s2,7.387216
DTO_03100105,DDR1,Q08345,Cn1nc(N)c2c(cncc12)c3ccc(NC(=O)Nc4cccc(Cl)c4)cc3,7.387216
DTO_03100245,PRKCH,P24723,CCn1c(nc2c(nc(OCCN)cc12)C#CC(C)(C)O)c3nonc3N,7.387216
DTO_03100422,PIK3CA,P42336,Clc1ccccc1n2nc(c3CCc4nc(NC(=O)NCc5ncc[nH]5)sc4c23)c6cccnc6,7.387216143
DTO_03100432,PLK3,Q9H4B4,NC(=O)c1sc(cc1OCc2ccccc2Br)n3cnc4ccccc34,7.387216143
DTO_03390991,RIOK3,O14730,CC(C)c1noc2c3ccc(C)cc3c4c(O)nccc4c12,7.387216143
DTO_03100246,PRKCQ,Q04759,CCn1c(nc2c(nc(OCCN)cc12)C#CC(C)(C)O)c3nonc3N,7.39794
DTO_03100411,PIP4K2C,Q8TBX8,COC(=O)Nc1nc2CCc3c(nn(c4ccc(cc4)C5(CC5)N(C)C)c3c2s1)c6cccnc6,7.397940009
DTO_03100433,PLK4,O00444,C[C@H]1Oc2cc(cnc2N)c3c(CN(C)C(=O)c4ccc(F)cc14)nn(C)c3C#N,7.408935
DTO_03100338,MAP2K5,Q13163,COc1cc(Nc2nccc(n2)N3CCC(C3)NC(=O)Nc4cccc(c4)C(=O)C)cc(OC)c1OC,7.408935
DTO_03100158,GAK,O14976,CN1CCC(CC1)NC(=O)c2ccc(Nc3ncc4N(C)C(=O)C(F)(F)CN(C5CCCC5)c4n3)cc2C,7.431798
DTO_03100042,BMP2K,Q9NSY1,CN1CCC(CC1)NC(=O)c2ccc(Nc3ncc4N(C)C(=O)C(F)(F)CN(C5CCCC5)c4n3)cc2C,7.443697
DTO_03100327,MAPK15,Q8TD08,Fc1cccc2c(NC(=O)Nc3cnccn3)ccnc12,7.443697
DTO_03100338,MAP2K5,Q13163,COc1ccc2ncnc(Nc3ccc(OCc4ccccc4)cc3)c2c1,7.443697499
DTO_03100448,RIOK2,Q9BVS4,Clc1ccc(CNc2nccc(n2)c3cnn4ncccc34)cc1,7.462180905
DTO_03100286,MAP3K4,Q9Y6R4,CN1CCN(CC1)c2ccc(Nc3ncc4C(=O)N(N=C(c5ccccn5)c4n3)c6c(Cl)cncc6Cl)cc2,7.468521
DTO_03100559,FLT1,P17948,Cn1nc(N)c2c(cncc12)c3ccc(NC(=O)Nc4cccc(Cl)c4)cc3,7.468521
DTO_03100170,GSG2,Q8TF76,Brc1ccc(\C=C\CNCCNS(=O)(=O)c2cccc3cnccc23)cc1,7.468521083
DTO_03100380,PIK3C2G,O75747,CCNc1ccc(cn1)c2nn(c3ccccc3C)c4c2C(C)Cc5nc(NC(=O)OC)sc45,7.468521083
DTO_03100430,PLK1,P53350,Fc1ccc(cc1)c2c(nc3SCCn23)c4ccncc4,7.468521083
DTO_03390992,RIOK1,Q9BRS2,CC(C)c1noc2c3ccc(C)cc3c4c(O)nccc4c12,7.468521083
DTO_03100497,STK16,O75716,CN1CCC(CC1)NC(=O)c2ccc(Nc3ncc4N(C)C(=O)C(F)(F)CN(C5CCCC5)c4n3)cc2C,7.481486
DTO_03100154,FLT3,P36888,CC(C)c1ccc2c(N=Nc3ccc(cc3)S(=O)(=O)N)c(O)[nH]c2c1,7.48148606
DTO_03100147,FER,P16591,C[C@H]1Oc2cc(cnc2N)c3c(CN(C)C(=O)c4ccc(F)cc14)nn(C)c3C#N,7.49485
DTO_03100516,TAOK3,Q9H2K8,NC(=O)c1cc(cc2c(c[nH]c12)C3CCNCC3)c4ccccc4,7.49485
DTO_03100242,PRKCE,Q02156,CCn1c(nc2c(nc(OCCN)cc12)C#CC(C)(C)O)c3nonc3N,7.49485
DTO_03100225,PRKG2,Q13237,CCn1c(nc2c(nc(OCCN)cc12)C#CC(C)(C)O)c3nonc3N,7.49485
DTO_03100366,NLK,Q9UBE8,CN1CCC(CC1)n2cnc(c3ccc(F)cc3)c2c4ccnc(NCCO)n4,7.494850022
DTO_03100424,PIK3CD,O00329,COC1(CCN(C)CC1)C#Cc2ccc(Cl)c(c2)c3ncc4CCc5nc(NC(=O)C)sc5c4n3,7.494850022
DTO_03100089,CLK4,Q9HAZ1,NC(=O)c1ccc(cc1)c2cc3ncnc(SCC(=O)O)c3s2,7.508638
DTO_03100282,YSK4,Q56UN5,CN1CCN(CC1)c2ccc(Nc3ncc4C(=O)N(N=C(c5ccccn5)c4n3)c6c(Cl)cncc6Cl)cc2,7.508638
DTO_03100282,YSK4,Q56UN5,Nc1ncnc2c1c(I)cn2[C@@H]3O[C@H](CO)[C@@H](O)[C@H]3O,7.508638306
DTO_03100224,PRKG1,Q13976,Brc1ccc(\C=C\CNCCNS(=O)(=O)c2cccc3cnccc23)cc1,7.508638306
DTO_03100231,KIT,P10721,COc1ccc(cc1)c2coc3ncnc(N)c23,7.522878745
DTO_03100282,YSK4,Q56UN5,CC(C)N1C(=O)Cc2cc(Nc3ncc(c(NCc4cccc(c4)S(=O)(=O)C)n3)C(F)(F)F)ccc12,7.537602
DTO_03100277,MAP3K11,Q16584,CC(C)N1C(=O)Cc2cc(Nc3ncc(c(NCc4cccc(c4)S(=O)(=O)C)n3)C(F)(F)F)ccc12,7.552842
DTO_03100547,TTK,P33981,CC(C)N1C(=O)Cc2cc(Nc3ncc(c(NCc4cccc(c4)S(=O)(=O)C)n3)C(F)(F)F)ccc12,7.568636
DTO_03100164,GSK3A,P49840,Cc1c[nH]c(n1)c2cnc(NCCNc3ccc(cn3)C#N)nc2c4ccc(Cl)cc4Cl,7.568636236
DTO_03100321,MAPK9,P45984,COc1c(NC(=O)c2cc3cccc(Oc4ccnc(c4)C(=O)N5CCN(C)CC5)c3n2C)cc(cc1NS(=O)(=O)C)C(C)(C)C,7.568636236
DTO_03100503,STK36,Q9NRP7,COc1ccc(cc1)c2nn3ncccc3c2c4ccnc(Nc5cccc(c5)C(F)(F)F)n4,7.568636236
DTO_03100001,AAK1,Q2M2I8,CCN(CC)S(=O)(=O)Nc1cccc(c1)c2ccc3c(NC(=O)C4CC4)[nH]nc3c2,7.585026652
DTO_03100343,CDC42BPG,Q6DT37,Fc1ccc(Cl)cc1c2nc(Nc3ccncc3)c4nccnc4n2,7.585026652
DTO_03100424,PIK3CD,O00329,CCc1ncnc(N2CCN(CC2)C(=O)C)c1C#Cc3ccc(N)nc3,7.619788758
DTO_03100411,PIP4K2C,Q8TBX8,CN1CCC(CC1)NC(=O)c2ccc(Nc3ncc4N(C)C(=O)C(F)(F)CN(C5CCCC5)c4n3)cc2C,7.619789
DTO_03100478,SLK,Q9H2G2,CN1CCC(CC1)NC(=O)c2ccc(Nc3ncc4N(C)C(=O)C(F)(F)CN(C5CCCC5)c4n3)cc2C,7.619789
DTO_03100106,DDR2,Q16832,Cc1cc(nn1c2ccccc2)C(=O)Nc3ccc(Oc4ccc5nc(NC(=O)C6CC6)cn5n4)cc3,7.619789
DTO_03100065,CDK19,Q9BWU1,OC(=O)c1cc2c(cncc2s1)c3cccc(c3)c4ccccc4,7.619789
DTO_03100338,MAP2K5,Q13163,COc1cccc(NC(=O)NC2CCN(C2)c3ccnc(Nc4cc(OC)c(OC)c(OC)c4)n3)c1,7.619789
DTO_03100158,GAK,O14976,COc1cc(C(=O)NC2CCN(C)CC2)c(F)cc1Nc3ncc4N(C)C(=O)C(F)(F)CN(C5CCCC5)c4n3,7.638272164
DTO_03100422,PIK3CA,P42336,CNC(=O)c1cccc(c1)c2ccc3c(nc(nc3n2)N4CCOC[C@@H]4C)N5CCOC[C@@H]5C,7.638272164
DTO_03100008,TNK2,Q07912,C[C@H]1Oc2cc(cnc2N)c3c(CN(C)C(=O)c4ccc(F)cc14)nn(C)c3C#N,7.657577
DTO_03100380,PIK3C2G,O75747,COC1(CCN(C)CC1)C#Cc2ccc(Cl)c(c2)c3ncc4CCc5nc(NC(=O)C)sc5c4n3,7.677780705
DTO_03100560,KDR,P35968,Cc1cccc(NC(=O)Nc2ccc(cc2)c3cnc4c(Br)cnn4c3N)c1,7.677781
DTO_03100182,IKBKB,O14920,NC(=O)c1cc(cc2c(c[nH]c12)C3CCNCC3)c4ccccc4,7.677781
DTO_03100047,BRAF,P15056,CCCS(=O)(=O)Nc1ccc(F)c(c1F)n2cc(nn2)c3cncc(OC)c3,7.698970004
DTO_03100210,CSNK1E,P49674,CN1CCC(CC1)n2cnc(c3ccc(F)cc3)c2c4ccnc(NCCO)n4,7.698970004
DTO_03100523,TGFBR1,P36897,Fc1ccc(Cl)cc1c2nc(Nc3ccncc3)c4nccnc4n2,7.698970004
DTO_03100164,GSK3A,P49840,Fc1cccc2c(NC(=O)Nc3cnccn3)ccnc12,7.721246
DTO_03100105,DDR1,Q08345,Cc1ccc2c(c3ccnc(Nc4ccc5OCCOc5c4)n3)c(nn2n1)c6ccc(cc6)C(F)(F)F,7.721246399
DTO_03100139,ERBB2,P04626,COc1ccc2ncnc(Nc3ccc(OCc4ccccc4)cc3)c2c1,7.721246399
DTO_03100422,PIK3CA,P42336,CCc1ncnc(N2CCN(CC2)C(=O)C)c1C#Cc3ccc(N)nc3,7.721246399
DTO_03100432,PLK3,Q9H4B4,CN1CCC(CC1)NC(=O)c2ccc(Nc3ncc4N(C)C(=O)C(F)(F)CN(C5CCCC5)c4n3)cc2C,7.744727
DTO_03100106,DDR2,Q16832,Cc1cccc(NC(=O)Nc2ccc(cc2)c3cnc4c(Br)cnn4c3N)c1,7.744727
DTO_03100320,MAPK8,P45983,Cc1cccc(c1)c2nc3cnccn3c2c4ccnc(NC5CCCCC5)n4,7.744727
DTO_03100445,RAF1,P04049,CCCS(=O)(=O)Nc1ccc(F)c(c1F)n2cc(nn2)c3cncc(OC)c3,7.744727495
DTO_03100198,JAK3,P52333,CC(C)N1C(=O)Cc2cc(Nc3ncc(c(NCc4cccc(c4)S(=O)(=O)C)n3)C(F)(F)F)ccc12,7.769551
DTO_03100009,ACVR1B,P36896,Fc1ccc(Cl)cc1c2nc(Nc3ccncc3)c4nccnc4n2,7.769551079
DTO_03100350,MYLK,Q15746,COc1cc(C(=O)NC2CCN(C)CC2)c(F)cc1Nc3ncc4N(C)C(=O)C(F)(F)CN(C5CCCC5)c4n3,7.769551079
DTO_03100105,DDR1,Q08345,COc1ccc(cc1)c2nn3ncccc3c2c4ccnc(Nc5cccc(c5)C(F)(F)F)n4,7.795880017
DTO_03100165,GSK3B,P49841,Cc1c[nH]c(n1)c2cnc(NCCNc3ccc(cn3)C#N)nc2c4ccc(Cl)cc4Cl,7.823908741
DTO_03100431,PLK2,Q9NYY3,NC(=O)c1sc(cc1OCc2ccccc2Br)n3cnc4ccccc34,7.823908741
DTO_03100403,PDGFRA,P16234,Cc1cc(nn1c2ccccc2)C(=O)Nc3ccc(Oc4ccc5nc(NC(=O)C6CC6)cn5n4)cc3,7.823909
DTO_03100422,PIK3CA,P42336,CCNc1ccc(cn1)c2nn(c3ccccc3C)c4c2C(C)Cc5nc(NC(=O)OC)sc45,7.886056648
DTO_03100165,GSK3B,P49841,Fc1cccc2c(NC(=O)Nc3cnccn3)ccnc12,7.886057
DTO_03100379,PIK3C2B,O00750,COC(=O)Nc1nc2CCc3c(nn(c4ccc(cc4)C5(CC5)N(C)C)c3c2s1)c6cccnc6,7.920818754
DTO_03100490,STK17B,O94768,NC(=O)c1ccc(cc1)c2cc3ncnc(SCC(=O)O)c3s2,7.958607
DTO_03100291,MAP3K9,P80192,CC(C)N1C(=O)Cc2cc(Nc3ncc(c(NCc4cccc(c4)S(=O)(=O)C)n3)C(F)(F)F)ccc12,7.958607
DTO_03100208,CSNK1A1,P48729,CN1CCC(CC1)n2cnc(c3ccc(F)cc3)c2c4ccnc(NCCO)n4,7.958607315
DTO_03100154,FLT3,P36888,N#Cc1cccc(Nc2oc(cn2)c3ccccc3)c1,7.958607315
DTO_03100423,PIK3CB,P42338,COC(=O)Nc1nc2CCc3c(nn(c4ccc(cc4)C5(CC5)N(C)C)c3c2s1)c6cccnc6,8.008773924
DTO_03100282,YSK4,Q56UN5,CCn1c(nc2c(nc(OCCN)cc12)C#CC(C)(C)O)c3nonc3N,8.013228
DTO_03100404,PDGFRB,P09619,N(c1ccccc1)c2oc(cn2)c3ccccc3,8.036212173
DTO_03100154,FLT3,P36888,N(c1ccccc1)c2oc(cn2)c3ccccc3,8.040958608
DTO_03100154,FLT3,P36888,Cc1cccc(NC(=O)Nc2ccc(cc2)c3cnc4c(Br)cnn4c3N)c1,8.055517
DTO_03100323,MAPK11,Q15759,Cc1cccc(c1)c2nc3cnccn3c2c4ccnc(NC5CCCCC5)n4,8.055517
DTO_03100326,MAPK14,Q16539,CN1CCC(CC1)n2cnc(c3ccc(F)cc3)c2c4ccnc(N)n4,8.060480747
DTO_03100438,PRKX,P51817,Brc1ccc(\C=C\CNCCNS(=O)(=O)c2cccc3cnccc23)cc1,8.080921908
DTO_03100430,PLK1,P53350,COc1cc(Nc2ncc3N(C)C(=O)C(F)(F)CN(C4CCCC4)c3n2)ccc1C(=O)NC5CCN(C)CC5,8.080922
DTO_03100380,PIK3C2G,O75747,Clc1ccccc1n2nc(c3CCc4nc(NC(=O)NCc5ncc[nH]5)sc4c23)c6cccnc6,8.086186148
DTO_03100145,PTK2B,Q14289,C[C@H]1Oc2cc(cnc2N)c3c(CN(C)C(=O)c4ccc(F)cc14)nn(C)c3C#N,8.091515
DTO_03100087,CLK2,P49760,Nc1ncnc2c1c(I)cn2[C@@H]3O[C@H](CO)[C@@H](O)[C@H]3O,8.113509275
DTO_03100170,GSG2,Q8TF76,CN1CCC(CNc2ccc3ncc(c4cccc(OC(F)(F)F)c4)n3n2)CC1,8.119186408
DTO_03100006,ABL1,P00519,Cc1cc(nn1c2ccccc2)C(=O)Nc3ccc(Oc4ccc5nc(NC(=O)C6CC6)cn5n4)cc3,8.136677
DTO_03100231,KIT,P10721,Cc1cc(nn1c2ccccc2)C(=O)Nc3ccc(Oc4ccc5nc(NC(=O)C6CC6)cn5n4)cc3,8.200659
DTO_03100430,PLK1,P53350,NC(=O)c1sc(cc1OCc2ccccc2Br)n3cnc4ccccc34,8.200659451
DTO_03100403,PDGFRA,P16234,Cc1cccc(NC(=O)Nc2ccc(cc2)c3cnc4c(Br)cnn4c3N)c1,8.221849
DTO_03100154,FLT3,P36888,Cc1cc(nn1c2ccccc2)C(=O)Nc3ccc(Oc4ccc5nc(NC(=O)C6CC6)cn5n4)cc3,8.244125
DTO_03100090,CSF1R,P07333,Cc1cccc(NC(=O)Nc2ccc(cc2)c3cnc4c(Br)cnn4c3N)c1,8.244125
DTO_03100124,EGFR,P00533,COc1ccc2ncnc(Nc3ccc(OCc4ccccc4)cc3)c2c1,8.244125144
DTO_03100326,MAPK14,Q16539,Nc1nccc(n1)c2c(nn3cc(ccc23)C(F)(F)F)c4ccc(F)cc4,8.251811973
DTO_03100106,DDR2,Q16832,COc1c(NC(=O)c2cc3cccc(Oc4ccnc(c4)C(=O)N5CCN(C)CC5)c3n2C)cc(cc1NS(=O)(=O)C)C(C)(C)C,8.259637311
DTO_03100326,MAPK14,Q16539,COc1c(NC(=O)c2cc3cccc(Oc4ccnc(c4)C(=O)N5CCN(C)CC5)c3n2C)cc(cc1NS(=O)(=O)C)C(C)(C)C,8.259637311
DTO_03100210,CSNK1E,P49674,CN1CCC(CC1)n2cnc(c3ccc(F)cc3)c2c4ccnc(N)n4,8.26760624
DTO_03100404,PDGFRB,P09619,N#Cc1cccc(Nc2oc(cn2)c3ccccc3)c1,8.27572413
DTO_03100105,DDR1,Q08345,Cc1cccc(NC(=O)Nc2ccc(cc2)c3cnc4c(Br)cnn4c3N)c1,8.29243
DTO_03100411,PIP4K2C,Q8TBX8,Clc1ccccc1n2nc(c3CCc4nc(NC(=O)NCc5ncc[nH]5)sc4c23)c6cccnc6,8.301029996
DTO_03100144,PTK2,Q05397,C[C@H]1Oc2cc(cnc2N)c3c(CN(C)C(=O)c4ccc(F)cc14)nn(C)c3C#N,8.30103
DTO_03100424,PIK3CD,O00329,COC(=O)Nc1nc2CCc3c(nn(c4ccc(cc4)C5(CC5)N(C)C)c3c2s1)c6cccnc6,8.318758763
DTO_03100345,MTOR,P42345,CCc1ncnc(N2CCN(CC2)C(=O)C)c1C#Cc3ccc(N)nc3,8.337242168
DTO_03100105,DDR1,Q08345,COC(=O)Nc1nc2cc(ccc2[nH]1)S(=O)(=O)c3ccc(NC(=O)Nc4cc(ccc4F)C(F)(F)F)cc3,8.346787486
DTO_03100366,NLK,Q9UBE8,Cc1cccc(c1)c2nc3cnccn3c2c4ccnc(NC5CCCCC5)n4,8.387216
DTO_03100208,CSNK1A1,P48729,CN1CCC(CC1)n2cnc(c3ccc(F)cc3)c2c4ccnc(N)n4,8.397940009
DTO_03100404,PDGFRB,P09619,Cc1cc(nn1c2ccccc2)C(=O)Nc3ccc(Oc4ccc5nc(NC(=O)C6CC6)cn5n4)cc3,8.49485
DTO_03100549,TYK2,P29597,NC(=O)c1cc(cc2c(c[nH]c12)C3CCNCC3)c4ccccc4,8.537602
DTO_03100425,PIK3CG,P48736,Clc1ccccc1n2nc(c3CCc4nc(NC(=O)NCc5ncc[nH]5)sc4c23)c6cccnc6,8.552841969
DTO_03100144,PTK2,Q05397,CC(C)N1C(=O)Cc2cc(Nc3ncc(c(NCc4cccc(c4)S(=O)(=O)C)n3)C(F)(F)F)ccc12,8.619789
DTO_03100321,MAPK9,P45984,Cc1cccc(c1)c2nc3cnccn3c2c4ccnc(NC5CCCCC5)n4,8.619789
DTO_03100322,MAPK10,P53779,Cc1cccc(c1)c2nc3cnccn3c2c4ccnc(NC5CCCCC5)n4,8.638272
DTO_03100431,PLK2,Q9NYY3,CN1CCC(CC1)NC(=O)c2ccc(Nc3ncc4N(C)C(=O)C(F)(F)CN(C5CCCC5)c4n3)cc2C,8.657577
DTO_03100105,DDR1,Q08345,COc1c(NC(=O)c2cc3cccc(Oc4ccnc(c4)C(=O)N5CCN(C)CC5)c3n2C)cc(cc1NS(=O)(=O)C)C(C)(C)C,8.677780705
DTO_03100403,PDGFRA,P16234,Cn1nc(N)c2c(cncc12)c3ccc(NC(=O)Nc4cccc(Cl)c4)cc3,8.677781
DTO_03100560,KDR,P35968,Cn1nc(N)c2c(cncc12)c3ccc(NC(=O)Nc4cccc(Cl)c4)cc3,8.69897
DTO_03100105,DDR1,Q08345,Cc1cc(nn1c2ccccc2)C(=O)Nc3ccc(Oc4ccc5nc(NC(=O)C6CC6)cn5n4)cc3,8.721246
DTO_03100404,PDGFRB,P09619,Cn1nc(N)c2c(cncc12)c3ccc(NC(=O)Nc4cccc(Cl)c4)cc3,8.721246
DTO_03100209,CSNK1D,P48730,CN1CCC(CC1)n2cnc(c3ccc(F)cc3)c2c4ccnc(N)n4,8.721246399
DTO_03100113,DYRK1A,Q13627,Nc1ncnc2c1c(I)cn2[C@@H]3O[C@H](CO)[C@@H](O)[C@H]3O,8.795880017
DTO_03100431,PLK2,Q9NYY3,COc1cc(C(=O)NC2CCN(C)CC2)c(F)cc1Nc3ncc4N(C)C(=O)C(F)(F)CN(C5CCCC5)c4n3,8.823908741
DTO_03100090,CSF1R,P07333,Cn1nc(N)c2c(cncc12)c3ccc(NC(=O)Nc4cccc(Cl)c4)cc3,8.823909
DTO_03100138,EPHB6,O15197,Cc1cc(cc(C)c1C=Cc2cncc(c2)c3nn[nH]n3)c4ccccn4,8.853871964
DTO_03100231,KIT,P10721,Cc1cccc(NC(=O)Nc2ccc(cc2)c3cnc4c(Br)cnn4c3N)c1,8.853872
DTO_03100338,MAP2K5,Q13163,CCCS(=O)(=O)Nc1ccc(F)c(c1F)n2cc(nn2)c3cncc(OC)c3,8.886056648
DTO_03100422,PIK3CA,P42336,COC(=O)Nc1nc2CCc3c(nn(c4ccc(cc4)C5(CC5)N(C)C)c3c2s1)c6cccnc6,8.920818754
DTO_03100022,ALK,Q9UM73,C[C@H]1Oc2cc(cnc2N)c3c(CN(C)C(=O)c4ccc(F)cc14)nn(C)c3C#N,9
DTO_03100231,KIT,P10721,Cn1nc(N)c2c(cncc12)c3ccc(NC(=O)Nc4cccc(Cl)c4)cc3,9.055517
DTO_03100380,PIK3C2G,O75747,COC(=O)Nc1nc2CCc3c(nn(c4ccc(cc4)C5(CC5)N(C)C)c3c2s1)c6cccnc6,9.102372909
DTO_03100425,PIK3CG,P48736,CCNc1ccc(cn1)c2nn(c3ccccc3C)c4c2C(C)Cc5nc(NC(=O)OC)sc45,9.107905397
DTO_03100404,PDGFRB,P09619,Cc1cccc(NC(=O)Nc2ccc(cc2)c3cnc4c(Br)cnn4c3N)c1,9.19382
DTO_03100115,DYRK2,Q92630,Nc1ncnc2c1c(I)cn2[C@@H]3O[C@H](CO)[C@@H](O)[C@H]3O,9.207608311
DTO_03100425,PIK3CG,P48736,COC1(CCN(C)CC1)C#Cc2ccc(Cl)c(c2)c3ncc4CCc5nc(NC(=O)C)sc5c4n3,9.318758763
DTO_03100326,MAPK14,Q16539,Cc1cccc(c1)c2nc3cnccn3c2c4ccnc(NC5CCCCC5)n4,9.327902
DTO_03100425,PIK3CG,P48736,COC(=O)Nc1nc2CCc3c(nn(c4ccc(cc4)C5(CC5)N(C)C)c3c2s1)c6cccnc6,9.346787486
DTO_03100432,PLK3,Q9H4B4,COc1cc(C(=O)NC2CCN(C)CC2)c(F)cc1Nc3ncc4N(C)C(=O)C(F)(F)CN(C5CCCC5)c4n3,9.37675071
DTO_03100461,ROS1,P08922,C[C@H]1Oc2cc(cnc2N)c3c(CN(C)C(=O)c4ccc(F)cc14)nn(C)c3C#N,9.39794
DTO_03100345,MTOR,P42345,CNC(=O)c1cccc(c1)c2ccc3c(nc(nc3n2)N4CCOC[C@@H]4C)N5CCOC[C@@H]5C,9.494850022
DTO_03100154,FLT3,P36888,Cn1nc(N)c2c(cncc12)c3ccc(NC(=O)Nc4cccc(Cl)c4)cc3,9.537602
DTO_03100124,EGFR,P00533,COc1cc2ncnc(N[C@H](C)c3ccccc3)c2cc1OC4CCN(CC4)S(=O)(=O)C,9.602059991
DTO_03100430,PLK1,P53350,CN1CCC(CC1)NC(=O)c2ccc(Nc3ncc4N(C)C(=O)C(F)(F)CN(C5CCCC5)c4n3)cc2C,9.769551
DTO_03100345,MTOR,P42345,CCNc1ccc(cn1)c2nn(c3ccccc3C)c4c2C(C)Cc5nc(NC(=O)OC)sc45,9.886056648
DTO_03100170,GSG2,Q8TF76,Nc1ncnc2c1c(I)cn2[C@@H]3O[C@H](CO)[C@@H](O)[C@H]3O,10.22914799
DTO_03100430,PLK1,P53350,COc1cc(C(=O)NC2CCN(C)CC2)c(F)cc1Nc3ncc4N(C)C(=O)C(F)(F)CN(C5CCCC5)c4n3,10.46852108
